date,day_of_week,episode_number,week,day_in_week,phase,week_title,academic_focus,fixed_events,weekly_event_anchors,arc_turn,narrative_beat,continuity_handoff
2025-08-01,Friday,1,1,1,summer_bridge,Two Kinds of Plans,"Algebra readiness, functions, data tables, and explicit assumptions",Quantitative Summer Bridge begins,Quantitative Summer Bridge opens | First campus tour | Indigo Night welcome event,"Malik and Nia meet, clash over method, and discover that their strengths fit together.",Malik arrives early for Summer Bridge and finds a mistake in the budget he promised his family was finished.,
2025-08-02,Saturday,2,1,2,summer_bridge,Two Kinds of Plans,"Algebra readiness, functions, data tables, and explicit assumptions",,Quantitative Summer Bridge opens | First campus tour | Indigo Night welcome event,"Malik and Nia meet, clash over method, and discover that their strengths fit together.","Nia asks to share his table, jokes about the spreadsheet, and recognizes the fear beneath his precision.",
2025-08-03,Sunday,3,1,3,summer_bridge,Two Kinds of Plans,"Algebra readiness, functions, data tables, and explicit assumptions",,Quantitative Summer Bridge opens | First campus tour | Indigo Night welcome event,"Malik and Nia meet, clash over method, and discover that their strengths fit together.",A diagnostic modeling task pairs them; Malik wants clean columns while Nia draws the situation before calculating.,
2025-08-04,Monday,4,1,4,summer_bridge,Two Kinds of Plans,"Algebra readiness, functions, data tables, and explicit assumptions",,Quantitative Summer Bridge opens | First campus tour | Indigo Night welcome event,"Malik and Nia meet, clash over method, and discover that their strengths fit together.","Dr. Brooks asks each student why mathematics matters, and Malik and Nia give answers rooted in family and service.",
2025-08-05,Tuesday,5,1,5,summer_bridge,Two Kinds of Plans,"Algebra readiness, functions, data tables, and explicit assumptions",,Quantitative Summer Bridge opens | First campus tour | Indigo Night welcome event,"Malik and Nia meet, clash over method, and discover that their strengths fit together.","Their campus tour establishes Eliza Moss Hall, Jubilee Library, North Star Learning Commons, and Founders' Bell.",
2025-08-06,Wednesday,6,1,6,summer_bridge,Two Kinds of Plans,"Algebra readiness, functions, data tables, and explicit assumptions",,Quantitative Summer Bridge opens | First campus tour | Indigo Night welcome event,"Malik and Nia meet, clash over method, and discover that their strengths fit together.","At Indigo Night, Nia meets band saxophonist Julian Cross while Malik signs up for the Heron Analytics information session.",
2025-08-07,Thursday,7,1,7,summer_bridge,Two Kinds of Plans,"Algebra readiness, functions, data tables, and explicit assumptions",,Quantitative Summer Bridge opens | First campus tour | Indigo Night welcome event,"Malik and Nia meet, clash over method, and discover that their strengths fit together.",Malik and Nia present a repaired budget model together and agree to be accountability partners for the year.,"Nia accepts Julian's invitation to the campus radio showcase, and Malik notices that the news disappoints him."
2025-08-08,Friday,8,2,1,summer_bridge,The Shape of an Invitation,"Function notation, domain, range, graph interpretation, and model limitations",,Campus radio showcase | Heron Analytics orientation | Bridge faculty lunch,Nia and Julian begin a flirtation while Malik chooses a difficult extracurricular goal of his own.,Nia catches Julian's radio segment about first-year fears and agrees to help him fact-check a math joke.,
2025-08-09,Saturday,9,2,2,summer_bridge,The Shape of an Invitation,"Function notation, domain, range, graph interpretation, and model limitations",,Campus radio showcase | Heron Analytics orientation | Bridge faculty lunch,Nia and Julian begin a flirtation while Malik chooses a difficult extracurricular goal of his own.,Malik attends the Heron Analytics orientation and learns that first-years must test into the competitive team.,
2025-08-10,Sunday,10,2,3,summer_bridge,The Shape of an Invitation,"Function notation, domain, range, graph interpretation, and model limitations",,Campus radio showcase | Heron Analytics orientation | Bridge faculty lunch,Nia and Julian begin a flirtation while Malik chooses a difficult extracurricular goal of his own.,A domain-and-range exercise exposes how quickly Malik discards messy real-world cases that Nia insists matter.,
2025-08-11,Monday,11,2,4,summer_bridge,The Shape of an Invitation,"Function notation, domain, range, graph interpretation, and model limitations",,Campus radio showcase | Heron Analytics orientation | Bridge faculty lunch,Nia and Julian begin a flirtation while Malik chooses a difficult extracurricular goal of his own.,"Julian invites Nia to hear the Marching Herons rehearse, and she says yes before checking her crowded schedule.",
2025-08-12,Tuesday,12,2,5,summer_bridge,The Shape of an Invitation,"Function notation, domain, range, graph interpretation, and model limitations",,Campus radio showcase | Heron Analytics orientation | Bridge faculty lunch,Nia and Julian begin a flirtation while Malik chooses a difficult extracurricular goal of his own.,"Malik tells DJ Cole, his future roommate, that he is interested in the analytics challenge, not in Nia.",
2025-08-13,Wednesday,13,2,6,summer_bridge,The Shape of an Invitation,"Function notation, domain, range, graph interpretation, and model limitations",,Campus radio showcase | Heron Analytics orientation | Bridge faculty lunch,Nia and Julian begin a flirtation while Malik chooses a difficult extracurricular goal of his own.,"At band rehearsal, Nia sees Julian's discipline beneath his public confidence and shares why she chose math.",
2025-08-14,Thursday,14,2,7,summer_bridge,The Shape of an Invitation,"Function notation, domain, range, graph interpretation, and model limitations",,Campus radio showcase | Heron Analytics orientation | Bridge faculty lunch,Nia and Julian begin a flirtation while Malik chooses a difficult extracurricular goal of his own.,"Nia tells Malik the evening felt like a date; he responds kindly, then stays late preparing for the analytics test.","Move-in week will put the new friendship, the new attraction, and Malik's competitive ambition in the same small orbit."
2025-08-15,Friday,15,3,1,move_in,"Rooms, Rules, and First Impressions","Bridge capstone modeling, unit analysis, and communicating a result to a nontechnical audience",,Residence halls open | Bridge capstone | Opening Convocation,"The core supporting cast forms, and Malik learns that competence does not automatically make him a good teammate.","Malik moves in with DJ, whose football schedule and easy sociability immediately disrupt Malik's ideal room plan.",
2025-08-16,Saturday,16,3,2,move_in,"Rooms, Rules, and First Impressions","Bridge capstone modeling, unit analysis, and communicating a result to a nontechnical audience",,Residence halls open | Bridge capstone | Opening Convocation,"The core supporting cast forms, and Malik learns that competence does not automatically make him a good teammate.","Nia meets roommate Keisha Morgan, a computer science student and sprinter who refuses to let Nia join six clubs in one afternoon.",
2025-08-17,Sunday,17,3,3,move_in,"Rooms, Rules, and First Impressions","Bridge capstone modeling, unit analysis, and communicating a result to a nontechnical audience",,Residence halls open | Bridge capstone | Opening Convocation,"The core supporting cast forms, and Malik learns that competence does not automatically make him a good teammate.",The Bridge capstone asks Malik and Nia to model shuttle demand during move-in; their first draft ignores accessibility needs.,
2025-08-18,Monday,18,3,4,move_in,"Rooms, Rules, and First Impressions","Bridge capstone modeling, unit analysis, and communicating a result to a nontechnical audience",Residence halls open,Residence halls open | Bridge capstone | Opening Convocation,"The core supporting cast forms, and Malik learns that competence does not automatically make him a good teammate.","They interview students instead of defending the model, and the revised assumptions change both the mathematics and the route plan.",
2025-08-19,Tuesday,19,3,5,move_in,"Rooms, Rules, and First Impressions","Bridge capstone modeling, unit analysis, and communicating a result to a nontechnical audience",,Residence halls open | Bridge capstone | Opening Convocation,"The core supporting cast forms, and Malik learns that competence does not automatically make him a good teammate.",Julian films their capstone for campus media and invites Nia to the Heritage Kickoff after the first week of classes.,
2025-08-20,Wednesday,20,3,6,move_in,"Rooms, Rules, and First Impressions","Bridge capstone modeling, unit analysis, and communicating a result to a nontechnical audience",,Residence halls open | Bridge capstone | Opening Convocation,"The core supporting cast forms, and Malik learns that competence does not automatically make him a good teammate.",Malik takes the Heron Analytics screening test and leaves certain that one probability question ruined his chances.,
2025-08-21,Thursday,21,3,7,move_in,"Rooms, Rules, and First Impressions","Bridge capstone modeling, unit analysis, and communicating a result to a nontechnical audience",Opening Convocation,Residence halls open | Bridge capstone | Opening Convocation,"The core supporting cast forms, and Malik learns that competence does not automatically make him a good teammate.","At Opening Convocation, the Founders' Bell rings as the four friends cross Cypress Walk toward the official start of the year.","Classes begin, Julian's invitation becomes a real date, and Malik waits for an analytics decision he cannot control."
2025-08-22,Friday,22,4,1,fall_classes,The First Limit,"Calculus I review, functions, graphical limits, and one-sided behavior",,First class meeting | Add-drop period | Heron Analytics selections,Nia and Julian step toward a relationship; Malik is selected as an analytics alternate rather than a full member.,"Dr. Brooks opens Calculus I with a graph whose value and limiting behavior disagree, unsettling Malik's answer-first habits.",
2025-08-23,Saturday,23,4,2,fall_classes,The First Limit,"Calculus I review, functions, graphical limits, and one-sided behavior",,First class meeting | Add-drop period | Heron Analytics selections,Nia and Julian step toward a relationship; Malik is selected as an analytics alternate rather than a full member.,"Nia volunteers an explanation, then realizes afterward that she spoke over a quieter classmate.",
2025-08-24,Sunday,24,4,3,fall_classes,The First Limit,"Calculus I review, functions, graphical limits, and one-sided behavior",,First class meeting | Add-drop period | Heron Analytics selections,Nia and Julian step toward a relationship; Malik is selected as an analytics alternate rather than a full member.,Malik receives alternate status for Heron Analytics and tells everyone that alternate was what he expected.,
2025-08-25,Monday,25,4,4,fall_classes,The First Limit,"Calculus I review, functions, graphical limits, and one-sided behavior",Fall classes begin | Fall add-drop begins,First class meeting | Add-drop period | Heron Analytics selections,Nia and Julian step toward a relationship; Malik is selected as an analytics alternate rather than a full member.,"DJ asks Malik to help compare two play-call datasets, giving Malik a concrete way to prove he belongs on the team.",
2025-08-26,Tuesday,26,4,5,fall_classes,The First Limit,"Calculus I review, functions, graphical limits, and one-sided behavior",,First class meeting | Add-drop period | Heron Analytics selections,Nia and Julian step toward a relationship; Malik is selected as an analytics alternate rather than a full member.,Julian and Nia share lunch at Copper Cup Cafe and agree that the Heritage Kickoff will be their first official date.,
2025-08-27,Wednesday,27,4,6,fall_classes,The First Limit,"Calculus I review, functions, graphical limits, and one-sided behavior",,First class meeting | Add-drop period | Heron Analytics selections,Nia and Julian step toward a relationship; Malik is selected as an analytics alternate rather than a full member.,A group limit problem forces Malik to ask the classmate Nia interrupted to complete the argument.,
2025-08-28,Thursday,28,4,7,fall_classes,The First Limit,"Calculus I review, functions, graphical limits, and one-sided behavior",,First class meeting | Add-drop period | Heron Analytics selections,Nia and Julian step toward a relationship; Malik is selected as an analytics alternate rather than a full member.,"Malik watches Nia leave with Julian, then turns his disappointment into an overambitious analytics work plan.",The opening football weekend will make Nia's romance and Malik's attempt to earn a team seat public.
2025-08-29,Friday,29,5,1,fall_classes,Kickoff,"Limit laws, infinite limits, continuity, and the first homework-set deadline",Fall add-drop ends,Heritage Kickoff Classic | Labor Day | Football analytics data review,"Nia and Julian's first date succeeds, and Malik's useful halftime observation earns him a trial seat on the analytics team.","Malik and Nia finish the first limit set before the Heritage Kickoff, but neither admits they wanted the afternoon together.",
2025-08-30,Saturday,30,5,2,fall_classes,Kickoff,"Limit laws, infinite limits, continuity, and the first homework-set deadline",,Heritage Kickoff Classic | Labor Day | Football analytics data review,"Nia and Julian's first date succeeds, and Malik's useful halftime observation earns him a trial seat on the analytics team.","At the game, Julian explains band cues to Nia while DJ waits on special teams for a chance that never comes.",
2025-08-31,Sunday,31,5,3,fall_classes,Kickoff,"Limit laws, infinite limits, continuity, and the first homework-set deadline",,Heritage Kickoff Classic | Labor Day | Football analytics data review,"Nia and Julian's first date succeeds, and Malik's useful halftime observation earns him a trial seat on the analytics team.","Malik spots a fourth-down tendency in the opponent data and sends it to Simone Hart, the analytics team lead.",
2025-09-01,Monday,32,5,4,fall_classes,Kickoff,"Limit laws, infinite limits, continuity, and the first homework-set deadline",Labor Day - university closed,Heritage Kickoff Classic | Labor Day | Football analytics data review,"Nia and Julian's first date succeeds, and Malik's useful halftime observation earns him a trial seat on the analytics team.",Nia and Julian walk Cypress Walk after the win and share a gentle first kiss near the closed radio booth.,
2025-09-02,Tuesday,33,5,5,fall_classes,Kickoff,"Limit laws, infinite limits, continuity, and the first homework-set deadline",,Heritage Kickoff Classic | Labor Day | Football analytics data review,"Nia and Julian's first date succeeds, and Malik's useful halftime observation earns him a trial seat on the analytics team.","On Labor Day, Malik learns his observation helped a second-half adjustment and is invited to a two-week team trial.",
2025-09-03,Wednesday,34,5,6,fall_classes,Kickoff,"Limit laws, infinite limits, continuity, and the first homework-set deadline",,Heritage Kickoff Classic | Labor Day | Football analytics data review,"Nia and Julian's first date succeeds, and Malik's useful halftime observation earns him a trial seat on the analytics team.",A continuity problem exposes a hole in Nia's algebra review because she spent the holiday answering club messages.,
2025-09-04,Thursday,35,5,7,fall_classes,Kickoff,"Limit laws, infinite limits, continuity, and the first homework-set deadline",,Heritage Kickoff Classic | Labor Day | Football analytics data review,"Nia and Julian's first date succeeds, and Malik's useful halftime observation earns him a trial seat on the analytics team.",Nia tells Malik that she and Julian are seeing each other; Malik congratulates her without pretending the news is easy.,Malik must prove he belongs on the analytics team while the first Calculus I test approaches.
2025-09-05,Friday,36,6,1,fall_classes,Continuity Under Pressure,"Continuity, the Intermediate Value Theorem, and the derivative as a limit",,Football road game | Analytics trial week | First exam review announced,"Malik's need to impress causes his first team error, while Nia learns that a new relationship still needs boundaries.","Malik submits an analytics chart without checking a missing-data gap, and Simone makes him explain the error to the team.",
2025-09-06,Saturday,37,6,2,fall_classes,Continuity Under Pressure,"Continuity, the Intermediate Value Theorem, and the derivative as a limit",,Football road game | Analytics trial week | First exam review announced,"Malik's need to impress causes his first team error, while Nia learns that a new relationship still needs boundaries.",Dr. Brooks derives instantaneous rate of change from a limit instead of giving the class a shortcut formula.,
2025-09-07,Sunday,38,6,3,fall_classes,Continuity Under Pressure,"Continuity, the Intermediate Value Theorem, and the derivative as a limit",,Football road game | Analytics trial week | First exam review announced,"Malik's need to impress causes his first team error, while Nia learns that a new relationship still needs boundaries.","Nia cancels a study block when Julian gets unexpected rehearsal time, then resents a choice he did not ask her to make.",
2025-09-08,Monday,39,6,4,fall_classes,Continuity Under Pressure,"Continuity, the Intermediate Value Theorem, and the derivative as a limit",,Football road game | Analytics trial week | First exam review announced,"Malik's need to impress causes his first team error, while Nia learns that a new relationship still needs boundaries.",Keisha points out that Nia is treating availability as affection and challenges her to restore the study block.,
2025-09-09,Tuesday,40,6,5,fall_classes,Continuity Under Pressure,"Continuity, the Intermediate Value Theorem, and the derivative as a limit",,Football road game | Analytics trial week | First exam review announced,"Malik's need to impress causes his first team error, while Nia learns that a new relationship still needs boundaries.","During the road game, DJ makes his college debut on special teams and forces a fumble despite McCall-Hart's loss.",
2025-09-10,Wednesday,41,6,6,fall_classes,Continuity Under Pressure,"Continuity, the Intermediate Value Theorem, and the derivative as a limit",,Football road game | Analytics trial week | First exam review announced,"Malik's need to impress causes his first team error, while Nia learns that a new relationship still needs boundaries.",Malik rebuilds the chart with uncertainty labels and earns Simone's respect by showing exactly where the model is weak.,
2025-09-11,Thursday,42,6,7,fall_classes,Continuity Under Pressure,"Continuity, the Intermediate Value Theorem, and the derivative as a limit",,Football road game | Analytics trial week | First exam review announced,"Malik's need to impress causes his first team error, while Nia learns that a new relationship still needs boundaries.",Nia tells Julian she cannot be on call around every rehearsal; he accepts the boundary more easily than she expected.,The first major test will show whether their improved decisions arrived soon enough.
2025-09-12,Friday,43,7,1,fall_classes,What the First Test Measures,"Derivative rules, test one on limits and continuity, and error analysis",,Football home opener | Calculus I test one | Analytics roster decision,Malik earns a full analytics seat but receives a poor calculus grade; public progress and private shame arrive together.,"The home opener fills Henry Boyd Stadium, and DJ's forced fumble earns him a place in the weekly highlight reel.",
2025-09-13,Saturday,44,7,2,fall_classes,What the First Test Measures,"Derivative rules, test one on limits and continuity, and error analysis",,Football home opener | Calculus I test one | Analytics roster decision,Malik earns a full analytics seat but receives a poor calculus grade; public progress and private shame arrive together.,Malik rushes through the calculus test so he can reach an analytics meeting and fails to justify two limit arguments.,
2025-09-14,Sunday,45,7,3,fall_classes,What the First Test Measures,"Derivative rules, test one on limits and continuity, and error analysis",,Football home opener | Calculus I test one | Analytics roster decision,Malik earns a full analytics seat but receives a poor calculus grade; public progress and private shame arrive together.,Nia does well but recognizes that her strongest answer came from the classmate she interrupted during week one.,
2025-09-15,Monday,46,7,4,fall_classes,What the First Test Measures,"Derivative rules, test one on limits and continuity, and error analysis",,Football home opener | Calculus I test one | Analytics roster decision,Malik earns a full analytics seat but receives a poor calculus grade; public progress and private shame arrive together.,Simone offers Malik a full roster seat based on his corrected model and willingness to own the mistake.,
2025-09-16,Tuesday,47,7,5,fall_classes,What the First Test Measures,"Derivative rules, test one on limits and continuity, and error analysis",,Football home opener | Calculus I test one | Analytics roster decision,Malik earns a full analytics seat but receives a poor calculus grade; public progress and private shame arrive together.,"Malik celebrates with DJ, then opens a test score far below anything he has shown his family before.",
2025-09-17,Wednesday,48,7,6,fall_classes,What the First Test Measures,"Derivative rules, test one on limits and continuity, and error analysis",,Football home opener | Calculus I test one | Analytics roster decision,Malik earns a full analytics seat but receives a poor calculus grade; public progress and private shame arrive together.,"He tells Nia the exam was fine and avoids Dr. Brooks's office hours, breaking their promise to be honest partners.",
2025-09-18,Thursday,49,7,7,fall_classes,What the First Test Measures,"Derivative rules, test one on limits and continuity, and error analysis",,Football home opener | Calculus I test one | Analytics roster decision,Malik earns a full analytics seat but receives a poor calculus grade; public progress and private shame arrive together.,Nia finds his abandoned test correction sheet and asks why he trusts her with goals but not with bad news.,"Before Malik can answer, a Gulf storm begins threatening his family in Gulfport."
2025-09-19,Friday,50,8,1,fall_classes,No Model for the Storm,"Product, quotient, and chain rules; interpreting changing rates",,Gulf storm watch | Campus supply drive | Math colloquium on uncertainty,The storm turns Malik's academic shame into a family crisis he can no longer manage alone.,"Malik's mother reports rising water near their Gulfport home, and he starts refreshing forecasts during calculus.",
2025-09-20,Saturday,51,8,2,fall_classes,No Model for the Storm,"Product, quotient, and chain rules; interpreting changing rates",,Gulf storm watch | Campus supply drive | Math colloquium on uncertainty,The storm turns Malik's academic shame into a family crisis he can no longer manage alone.,Dr. Bennett's uncertainty colloquium gives Malik language for ranges and risk but no emotional comfort.,
2025-09-21,Sunday,52,8,3,fall_classes,No Model for the Storm,"Product, quotient, and chain rules; interpreting changing rates",,Gulf storm watch | Campus supply drive | Math colloquium on uncertainty,The storm turns Malik's academic shame into a family crisis he can no longer manage alone.,"Nia organizes a supply table, then stops herself from taking over when Malik says he needs quiet rather than tasks.",
2025-09-22,Monday,53,8,4,fall_classes,No Model for the Storm,"Product, quotient, and chain rules; interpreting changing rates",,Gulf storm watch | Campus supply drive | Math colloquium on uncertainty,The storm turns Malik's academic shame into a family crisis he can no longer manage alone.,"Julian uses campus radio to share verified storm resources, giving Nia a view of him as a responsible partner.",
2025-09-23,Tuesday,54,8,5,fall_classes,No Model for the Storm,"Product, quotient, and chain rules; interpreting changing rates",,Gulf storm watch | Campus supply drive | Math colloquium on uncertainty,The storm turns Malik's academic shame into a family crisis he can no longer manage alone.,The storm floods the Baptistes' ground floor; Malik's father injures his leg while moving equipment during cleanup.,
2025-09-24,Wednesday,55,8,6,fall_classes,No Model for the Storm,"Product, quotient, and chain rules; interpreting changing rates",,Gulf storm watch | Campus supply drive | Math colloquium on uncertainty,The storm turns Malik's academic shame into a family crisis he can no longer manage alone.,Malik misses a quiz while trying to arrange transportation home and finally tells Dr. Brooks what happened.,
2025-09-25,Thursday,56,8,7,fall_classes,No Model for the Storm,"Product, quotient, and chain rules; interpreting changing rates",,Gulf storm watch | Campus supply drive | Math colloquium on uncertainty,The storm turns Malik's academic shame into a family crisis he can no longer manage alone.,"Nia and DJ drive Malik to the bus station, where he admits he does not know what his family will come back to.","Malik goes home, leaving coursework, the analytics model, and his feelings for Nia unresolved."
2025-09-26,Friday,57,9,1,fall_classes,What Water Takes,"Implicit differentiation, related rates, and documented make-up work",,Founders' Cup football weekend | Storm cleanup | Financial-aid emergency appointment,Malik sees the material and financial scale of his family's loss; Nia and Julian become an official couple.,"In Gulfport, Malik inventories ruined furniture and school records while his father begins a painful recovery.",
2025-09-27,Saturday,58,9,2,fall_classes,What Water Takes,"Implicit differentiation, related rates, and documented make-up work",,Founders' Cup football weekend | Storm cleanup | Financial-aid emergency appointment,Malik sees the material and financial scale of his family's loss; Nia and Julian become an official couple.,A related-rates assignment feels cruelly relevant until Malik uses it to explain rising-water timing to his younger cousin.,
2025-09-28,Sunday,59,9,3,fall_classes,What Water Takes,"Implicit differentiation, related rates, and documented make-up work",,Founders' Cup football weekend | Storm cleanup | Financial-aid emergency appointment,Malik sees the material and financial scale of his family's loss; Nia and Julian become an official couple.,"Simone divides Malik's analytics work among the team without blaming him, but the loss of control unsettles him.",
2025-09-29,Monday,60,9,4,fall_classes,What Water Takes,"Implicit differentiation, related rates, and documented make-up work",,Founders' Cup football weekend | Storm cleanup | Financial-aid emergency appointment,Malik sees the material and financial scale of his family's loss; Nia and Julian become an official couple.,"Back at McCall-Hart, Julian asks Nia to make their relationship official during the Founders' Bell ceremony.",
2025-09-30,Tuesday,61,9,5,fall_classes,What Water Takes,"Implicit differentiation, related rates, and documented make-up work",,Founders' Cup football weekend | Storm cleanup | Financial-aid emergency appointment,Malik sees the material and financial scale of his family's loss; Nia and Julian become an official couple.,"The Founders' Cup game becomes DJ's first extended offensive appearance, and he catches three difficult passes in a win.",
2025-10-01,Wednesday,62,9,6,fall_classes,What Water Takes,"Implicit differentiation, related rates, and documented make-up work",,Founders' Cup football weekend | Storm cleanup | Financial-aid emergency appointment,Malik sees the material and financial scale of his family's loss; Nia and Julian become an official couple.,Malik returns for an emergency financial-aid appointment and applies for evening work at North Star Learning Commons.,
2025-10-02,Thursday,63,9,7,fall_classes,What Water Takes,"Implicit differentiation, related rates, and documented make-up work",,Founders' Cup football weekend | Storm cleanup | Financial-aid emergency appointment,Malik sees the material and financial scale of his family's loss; Nia and Julian become an official couple.,"He sees Nia and Julian holding hands, feels both glad and hurt, and chooses not to make Nia manage his disappointment.","Malik must balance paid work, make-up calculus, family calls, and an analytics deadline in the same week."
2025-10-03,Friday,64,10,1,fall_classes,The Cost of Looking Fine,"Linear approximation, differentials, and an applications exam",,North Star work-study begins | Analytics model checkpoint | First relationship conflict,"Malik's concealment costs him academically, and Nia's habit of overgiving creates friction with Julian.",Malik begins a late shift checking students into North Star and falls asleep over a linearization problem afterward.,
2025-10-04,Saturday,65,10,2,fall_classes,The Cost of Looking Fine,"Linear approximation, differentials, and an applications exam",,North Star work-study begins | Analytics model checkpoint | First relationship conflict,"Malik's concealment costs him academically, and Nia's habit of overgiving creates friction with Julian.","He gives the analytics team a polished forecast that hides a wide error range, and Simone refuses to present it.",
2025-10-05,Sunday,66,10,3,fall_classes,The Cost of Looking Fine,"Linear approximation, differentials, and an applications exam",,North Star work-study begins | Analytics model checkpoint | First relationship conflict,"Malik's concealment costs him academically, and Nia's habit of overgiving creates friction with Julian.","Nia promises Julian she will attend a media showcase, then agrees to lead an overlapping calculus review without telling him.",
2025-10-06,Monday,67,10,4,fall_classes,The Cost of Looking Fine,"Linear approximation, differentials, and an applications exam",,North Star work-study begins | Analytics model checkpoint | First relationship conflict,"Malik's concealment costs him academically, and Nia's habit of overgiving creates friction with Julian.",The applications exam includes a justification Malik practiced but cannot retrieve after another midnight family call.,
2025-10-07,Tuesday,68,10,5,fall_classes,The Cost of Looking Fine,"Linear approximation, differentials, and an applications exam",,North Star work-study begins | Analytics model checkpoint | First relationship conflict,"Malik's concealment costs him academically, and Nia's habit of overgiving creates friction with Julian.",Julian learns about Nia's conflict from a flyer and asks why she keeps making him discover her choices in public.,
2025-10-08,Wednesday,69,10,6,fall_classes,The Cost of Looking Fine,"Linear approximation, differentials, and an applications exam",,North Star work-study begins | Analytics model checkpoint | First relationship conflict,"Malik's concealment costs him academically, and Nia's habit of overgiving creates friction with Julian.",Malik finally shows Nia his poor first test and unfinished make-up work; she listens without turning the moment into a rescue plan.,
2025-10-09,Thursday,70,10,7,fall_classes,The Cost of Looking Fine,"Linear approximation, differentials, and an applications exam",,North Star work-study begins | Analytics model checkpoint | First relationship conflict,"Malik's concealment costs him academically, and Nia's habit of overgiving creates friction with Julian.",He tells Dr. Brooks the full truth and accepts a reduced analytics role until his coursework stabilizes.,Cypress Week will test whether boundaries and reduced responsibilities survive the loudest week of fall.
2025-10-10,Friday,71,11,1,fall_classes,Cypress Week,"Critical points, curve sketching, optimization, and interpreting derivative signs",,Homecoming service day | Battle of the Bands | Homecoming football game,DJ achieves a public sports breakthrough while Nia and Julian's relationship begins to crack under public obligations.,Nia chooses one homecoming service project instead of five and thinks she has solved her overcommitment problem.,
2025-10-11,Saturday,72,11,2,fall_classes,Cypress Week,"Critical points, curve sketching, optimization, and interpreting derivative signs",,Homecoming service day | Battle of the Bands | Homecoming football game,DJ achieves a public sports breakthrough while Nia and Julian's relationship begins to crack under public obligations.,"An optimization task asks the class to maximize revenue with constraints, giving Malik a route back into focused work.",
2025-10-12,Sunday,73,11,3,fall_classes,Cypress Week,"Critical points, curve sketching, optimization, and interpreting derivative signs",,Homecoming service day | Battle of the Bands | Homecoming football game,DJ achieves a public sports breakthrough while Nia and Julian's relationship begins to crack under public obligations.,"Julian's media and band schedules consume every planned date, while he assumes Nia understands because she is also busy.",
2025-10-13,Monday,74,11,4,fall_classes,Cypress Week,"Critical points, curve sketching, optimization, and interpreting derivative signs",,Homecoming service day | Battle of the Bands | Homecoming football game,DJ achieves a public sports breakthrough while Nia and Julian's relationship begins to crack under public obligations.,"At Battle of the Bands, Nia watches Julian perform brilliantly but cannot get five private minutes with him afterward.",
2025-10-14,Tuesday,75,11,5,fall_classes,Cypress Week,"Critical points, curve sketching, optimization, and interpreting derivative signs",,Homecoming service day | Battle of the Bands | Homecoming football game,DJ achieves a public sports breakthrough while Nia and Julian's relationship begins to crack under public obligations.,DJ enters the homecoming game after an injury ahead of him and catches the touchdown that changes his place on the depth chart.,
2025-10-15,Wednesday,76,11,6,fall_classes,Cypress Week,"Critical points, curve sketching, optimization, and interpreting derivative signs",,Homecoming service day | Battle of the Bands | Homecoming football game,DJ achieves a public sports breakthrough while Nia and Julian's relationship begins to crack under public obligations.,"Malik's corrected fourth-down model supports a successful late-game decision, but he credits Simone and the full team publicly.",
2025-10-16,Thursday,77,11,7,fall_classes,Cypress Week,"Critical points, curve sketching, optimization, and interpreting derivative signs",,Homecoming service day | Battle of the Bands | Homecoming football game,DJ achieves a public sports breakthrough while Nia and Julian's relationship begins to crack under public obligations.,Nia and Julian argue on Cypress Walk when he posts a perfect homecoming photo that hides how disconnected they felt.,"The campus returns to ordinary life, where Nia and Julian must decide whether the argument was a bad night or a warning."
2025-10-17,Friday,78,12,1,fall_classes,The Maximum Is Not the Meaning,"Optimization applications, Mean Value Theorem, and test two corrections",,Applied mathematics colloquium | Analytics regional submission | Relationship repair attempt,Malik's team submits a competitive regional model; Nia and Julian repair the surface of their conflict but not its cause.,Dr. Price gives a colloquium on optimizing evacuation routes without treating people as interchangeable points.,
2025-10-18,Saturday,79,12,2,fall_classes,The Maximum Is Not the Meaning,"Optimization applications, Mean Value Theorem, and test two corrections",,Applied mathematics colloquium | Analytics regional submission | Relationship repair attempt,Malik's team submits a competitive regional model; Nia and Julian repair the surface of their conflict but not its cause.,Nia recognizes the same error in her own life: maximizing commitments has minimized her attention.,
2025-10-19,Sunday,80,12,3,fall_classes,The Maximum Is Not the Meaning,"Optimization applications, Mean Value Theorem, and test two corrections",,Applied mathematics colloquium | Analytics regional submission | Relationship repair attempt,Malik's team submits a competitive regional model; Nia and Julian repair the surface of their conflict but not its cause.,Malik and Simone revise the analytics model around uncertainty intervals instead of a single confident answer.,
2025-10-20,Monday,81,12,4,fall_classes,The Maximum Is Not the Meaning,"Optimization applications, Mean Value Theorem, and test two corrections",,Applied mathematics colloquium | Analytics regional submission | Relationship repair attempt,Malik's team submits a competitive regional model; Nia and Julian repair the surface of their conflict but not its cause.,Julian plans a quiet dinner and apologizes for turning their relationship into content during homecoming.,
2025-10-21,Tuesday,82,12,5,fall_classes,The Maximum Is Not the Meaning,"Optimization applications, Mean Value Theorem, and test two corrections",,Applied mathematics colloquium | Analytics regional submission | Relationship repair attempt,Malik's team submits a competitive regional model; Nia and Julian repair the surface of their conflict but not its cause.,"Nia apologizes for assuming love means endless flexibility, and they agree to protect one private evening each week.",
2025-10-22,Wednesday,83,12,6,fall_classes,The Maximum Is Not the Meaning,"Optimization applications, Mean Value Theorem, and test two corrections",,Applied mathematics colloquium | Analytics regional submission | Relationship repair attempt,Malik's team submits a competitive regional model; Nia and Julian repair the surface of their conflict but not its cause.,The analytics team submits to the regional semifinal with a model Malik knows is honest rather than unbeatable.,
2025-10-23,Thursday,84,12,7,fall_classes,The Maximum Is Not the Meaning,"Optimization applications, Mean Value Theorem, and test two corrections",,Applied mathematics colloquium | Analytics regional submission | Relationship repair attempt,Malik's team submits a competitive regional model; Nia and Julian repair the surface of their conflict but not its cause.,"A lab invitation arrives for students to tour Delta National Laboratory, and both Malik and Nia apply for limited seats.",The lab trip offers a bigger future just as Malik's home repairs stall and Nia's relationship feels temporarily safe.
2025-10-24,Friday,85,13,1,fall_classes,Beyond the Campus Map,"Antiderivatives, initial-value problems, and accumulated change",,Delta National Laboratory day trip | Football road game | Insurance claim delay,The first national-lab visit expands both students' ambitions while widening the gap between Nia and Julian.,Malik learns the family insurance claim needs more documentation and uses his work-study break to organize damaged-item evidence.,
2025-10-25,Saturday,86,13,2,fall_classes,Beyond the Campus Map,"Antiderivatives, initial-value problems, and accumulated change",,Delta National Laboratory day trip | Football road game | Insurance claim delay,The first national-lab visit expands both students' ambitions while widening the gap between Nia and Julian.,"Dr. Brooks introduces antiderivatives as recovering a possible history from observed rates, with uncertainty in the constant.",
2025-10-26,Sunday,87,13,3,fall_classes,Beyond the Campus Map,"Antiderivatives, initial-value problems, and accumulated change",,Delta National Laboratory day trip | Football road game | Insurance claim delay,The first national-lab visit expands both students' ambitions while widening the gap between Nia and Julian.,Malik and Nia board the Delta National Laboratory bus before dawn and leave Julian's messages unanswered during security orientation.,
2025-10-27,Monday,88,13,4,fall_classes,Beyond the Campus Map,"Antiderivatives, initial-value problems, and accumulated change",,Delta National Laboratory day trip | Football road game | Insurance claim delay,The first national-lab visit expands both students' ambitions while widening the gap between Nia and Julian.,"A scientist demonstrates storm-surge simulation on a supercomputer, connecting Nia's visual instincts with Malik's risk questions.",
2025-10-28,Tuesday,89,13,5,fall_classes,Beyond the Campus Map,"Antiderivatives, initial-value problems, and accumulated change",,Delta National Laboratory day trip | Football road game | Insurance claim delay,The first national-lab visit expands both students' ambitions while widening the gap between Nia and Julian.,"They attend a presentation by a Black applied mathematician who describes failure as part of model validation, not a character verdict.",
2025-10-29,Wednesday,90,13,6,fall_classes,Beyond the Campus Map,"Antiderivatives, initial-value problems, and accumulated change",,Delta National Laboratory day trip | Football road game | Insurance claim delay,The first national-lab visit expands both students' ambitions while widening the gap between Nia and Julian.,"On the ride home, Malik and Nia share an intense conversation about work that matters; Julian sees their closeness in Nia's photos.",
2025-10-30,Thursday,91,13,7,fall_classes,Beyond the Campus Map,"Antiderivatives, initial-value problems, and accumulated change",,Delta National Laboratory day trip | Football road game | Insurance claim delay,The first national-lab visit expands both students' ambitions while widening the gap between Nia and Julian.,"Julian admits he felt excluded, and Nia hears jealousy where he is also asking to understand a part of her life.","Halloween weekend and a major rivalry game will bring Julian, Malik, and Nia into the same crowded spaces."
2025-10-31,Friday,92,14,1,fall_classes,Riemann Sums and Missing Pieces,"Riemann sums, definite integrals, and estimating totals from incomplete data",,Costume math outreach night | Football rivalry game | Basketball exhibition,"Nia's relationship tension becomes visible to friends, and Malik's analytics team advances to the semifinal.","At a middle-school outreach night, Nia uses rectangles to estimate the area of an irregular paper mask and remembers why she loves teaching.",
2025-11-01,Saturday,93,14,2,fall_classes,Riemann Sums and Missing Pieces,"Riemann sums, definite integrals, and estimating totals from incomplete data",,Costume math outreach night | Football rivalry game | Basketball exhibition,"Nia's relationship tension becomes visible to friends, and Malik's analytics team advances to the semifinal.","Julian arrives late to film the event and jokes about Malik and Nia being a matched set, then regrets the edge in his voice.",
2025-11-02,Sunday,94,14,3,fall_classes,Riemann Sums and Missing Pieces,"Riemann sums, definite integrals, and estimating totals from incomplete data",,Costume math outreach night | Football rivalry game | Basketball exhibition,"Nia's relationship tension becomes visible to friends, and Malik's analytics team advances to the semifinal.",Malik refuses to engage the joke and tells Julian privately that Nia should not have to defend a friendship to prove a relationship.,
2025-11-03,Monday,95,14,4,fall_classes,Riemann Sums and Missing Pieces,"Riemann sums, definite integrals, and estimating totals from incomplete data",,Costume math outreach night | Football rivalry game | Basketball exhibition,"Nia's relationship tension becomes visible to friends, and Malik's analytics team advances to the semifinal.","During the rivalry game, DJ drops an early pass but catches the fourth-quarter conversion that keeps the winning drive alive.",
2025-11-04,Tuesday,96,14,5,fall_classes,Riemann Sums and Missing Pieces,"Riemann sums, definite integrals, and estimating totals from incomplete data",,Costume math outreach night | Football rivalry game | Basketball exhibition,"Nia's relationship tension becomes visible to friends, and Malik's analytics team advances to the semifinal.","The analytics team receives semifinal status, and Malik's first instinct is to calculate how little time remains before the presentation.",
2025-11-05,Wednesday,97,14,6,fall_classes,Riemann Sums and Missing Pieces,"Riemann sums, definite integrals, and estimating totals from incomplete data",,Costume math outreach night | Football rivalry game | Basketball exhibition,"Nia's relationship tension becomes visible to friends, and Malik's analytics team advances to the semifinal.",Nia leaves the basketball exhibition early after Julian turns a disagreement into a performance for his friends.,
2025-11-06,Thursday,98,14,7,fall_classes,Riemann Sums and Missing Pieces,"Riemann sums, definite integrals, and estimating totals from incomplete data",,Costume math outreach night | Football rivalry game | Basketball exhibition,"Nia's relationship tension becomes visible to friends, and Malik's analytics team advances to the semifinal.",She tells Keisha that being loved in public is not helping her feel known in private.,The semester's withdrawal deadline and semifinal preparation force every character to decide what can still be repaired.
2025-11-07,Friday,99,15,1,fall_classes,What Can Still Be Changed,"Fundamental Theorem of Calculus, net change, and substitution",,Veterans Day observance | Analytics semifinal rehearsal | Withdrawal and advising week,Malik learns that his father's recovery will take longer; Nia and Julian stop pretending one date fixed them.,"Advising week makes campus conversations unusually honest about grades, money, health, and whether to remain in difficult courses.",
2025-11-08,Saturday,100,15,2,fall_classes,What Can Still Be Changed,"Fundamental Theorem of Calculus, net change, and substitution",,Veterans Day observance | Analytics semifinal rehearsal | Withdrawal and advising week,Malik learns that his father's recovery will take longer; Nia and Julian stop pretending one date fixed them.,"Malik's father says he cannot return to work yet, and Malik quietly increases his North Star hours despite Dr. Bennett's warning.",
2025-11-09,Sunday,101,15,3,fall_classes,What Can Still Be Changed,"Fundamental Theorem of Calculus, net change, and substitution",,Veterans Day observance | Analytics semifinal rehearsal | Withdrawal and advising week,Malik learns that his father's recovery will take longer; Nia and Julian stop pretending one date fixed them.,"The Fundamental Theorem links accumulation and rate, but Malik cannot reconcile how quickly small losses have accumulated at home.",
2025-11-10,Monday,102,15,4,fall_classes,What Can Still Be Changed,"Fundamental Theorem of Calculus, net change, and substitution",,Veterans Day observance | Analytics semifinal rehearsal | Withdrawal and advising week,Malik learns that his father's recovery will take longer; Nia and Julian stop pretending one date fixed them.,Simone cuts three slides from Malik's semifinal presentation because his need to prove rigor has buried the decision the model supports.,
2025-11-11,Tuesday,103,15,5,fall_classes,What Can Still Be Changed,"Fundamental Theorem of Calculus, net change, and substitution",,Veterans Day observance | Analytics semifinal rehearsal | Withdrawal and advising week,Malik learns that his father's recovery will take longer; Nia and Julian stop pretending one date fixed them.,Nia and Julian attempt their protected private evening and spend most of it arguing about who has been keeping score.,
2025-11-12,Wednesday,104,15,6,fall_classes,What Can Still Be Changed,"Fundamental Theorem of Calculus, net change, and substitution",,Veterans Day observance | Analytics semifinal rehearsal | Withdrawal and advising week,Malik learns that his father's recovery will take longer; Nia and Julian stop pretending one date fixed them.,They agree to take several days apart rather than perform another reconciliation before friends.,
2025-11-13,Thursday,105,15,7,fall_classes,What Can Still Be Changed,"Fundamental Theorem of Calculus, net change, and substitution",,Veterans Day observance | Analytics semifinal rehearsal | Withdrawal and advising week,Malik learns that his father's recovery will take longer; Nia and Julian stop pretending one date fixed them.,"Malik notices Nia is hurting but keeps the analytics rehearsal, sending one simple message that asks what support she wants.",The breakup and Malik's semifinal result will arrive within days of each other.
2025-11-14,Friday,106,16,1,fall_classes,Two Honest Losses,"Substitution, area between curves, and test three",Fall course-withdrawal deadline,Heron Analytics regional semifinal | Football road game | Nia and Julian's breakup,"Nia's first relationship ends, and Malik's team fails to advance despite a strong presentation.",Nia and Julian meet at the quiet radio booth and admit that affection has not made their needs compatible.,
2025-11-15,Saturday,107,16,2,fall_classes,Two Honest Losses,"Substitution, area between curves, and test three",,Heron Analytics regional semifinal | Football road game | Nia and Julian's breakup,"Nia's first relationship ends, and Malik's team fails to advance despite a strong presentation.","They end the relationship without betrayal or cruelty, leaving Nia with no villain to make the heartbreak easier.",
2025-11-16,Sunday,108,16,3,fall_classes,Two Honest Losses,"Substitution, area between curves, and test three",,Heron Analytics regional semifinal | Football road game | Nia and Julian's breakup,"Nia's first relationship ends, and Malik's team fails to advance despite a strong presentation.",Nia completes the area-between-curves test while fighting the impulse to text Julian after every difficult moment.,
2025-11-17,Monday,109,16,4,fall_classes,Two Honest Losses,"Substitution, area between curves, and test three",,Heron Analytics regional semifinal | Football road game | Nia and Julian's breakup,"Nia's first relationship ends, and Malik's team fails to advance despite a strong presentation.","At the regional semifinal, Malik presents the uncertainty honestly but cannot answer a judge's question about model transferability.",
2025-11-18,Tuesday,110,16,5,fall_classes,Two Honest Losses,"Substitution, area between curves, and test three",,Heron Analytics regional semifinal | Football road game | Nia and Julian's breakup,"Nia's first relationship ends, and Malik's team fails to advance despite a strong presentation.","Another university advances; McCall-Hart does not, and Malik initially blames the answer he gave rather than the model's real limits.",
2025-11-19,Wednesday,111,16,6,fall_classes,Two Honest Losses,"Substitution, area between curves, and test three",,Heron Analytics regional semifinal | Football road game | Nia and Julian's breakup,"Nia's first relationship ends, and Malik's team fails to advance despite a strong presentation.",Simone refuses to call the result unfair and asks the team to document what failed before discussing next year.,
2025-11-20,Thursday,112,16,7,fall_classes,Two Honest Losses,"Substitution, area between curves, and test three",,Heron Analytics regional semifinal | Football road game | Nia and Julian's breakup,"Nia's first relationship ends, and Malik's team fails to advance despite a strong presentation.","Malik and Nia sit on opposite ends of a North Star couch, each grieving a different future without trying to fix the other.",River Classic and Thanksgiving place public celebration beside private disappointment.
2025-11-21,Friday,113,17,1,fall_classes,The Catch and the Quiet After,"Applications of definite integrals, cumulative review, and communicating solutions",,River Classic | Thanksgiving travel | Marching-band farewell performance,DJ's decisive sports success lifts the campus while Nia and Malik begin processing loss instead of hiding it.,Nia returns Julian's spare radio-booth key before his final fall performance and cries only after he leaves.,
2025-11-22,Saturday,114,17,2,fall_classes,The Catch and the Quiet After,"Applications of definite integrals, cumulative review, and communicating solutions",,River Classic | Thanksgiving travel | Marching-band farewell performance,DJ's decisive sports success lifts the campus while Nia and Malik begin processing loss instead of hiding it.,Malik converts the analytics failure into a clean postmortem instead of a secret file he never opens again.,
2025-11-23,Sunday,115,17,3,fall_classes,The Catch and the Quiet After,"Applications of definite integrals, cumulative review, and communicating solutions",,River Classic | Thanksgiving travel | Marching-band farewell performance,DJ's decisive sports success lifts the campus while Nia and Malik begin processing loss instead of hiding it.,The River Classic stays tied until DJ catches a difficult sideline pass that sets up the winning score.,
2025-11-24,Monday,116,17,4,fall_classes,The Catch and the Quiet After,"Applications of definite integrals, cumulative review, and communicating solutions",,River Classic | Thanksgiving travel | Marching-band farewell performance,DJ's decisive sports success lifts the campus while Nia and Malik begin processing loss instead of hiding it.,"Campus celebration carries DJ through interviews, but he calls his mother first because the scholarship implications matter more than attention.",
2025-11-25,Tuesday,117,17,5,fall_classes,The Catch and the Quiet After,"Applications of definite integrals, cumulative review, and communicating solutions",,River Classic | Thanksgiving travel | Marching-band farewell performance,DJ's decisive sports success lifts the campus while Nia and Malik begin processing loss instead of hiding it.,"Nia congratulates Julian after the band performance, proving closure can be respectful and still hurt.",
2025-11-26,Wednesday,118,17,6,fall_classes,The Catch and the Quiet After,"Applications of definite integrals, cumulative review, and communicating solutions",Thanksgiving recess begins,River Classic | Thanksgiving travel | Marching-band farewell performance,DJ's decisive sports success lifts the campus while Nia and Malik begin processing loss instead of hiding it.,"Malik goes to Gulfport for Thanksgiving and sees stripped walls, repair estimates, and his father's slow walk through the damaged room.",
2025-11-27,Thursday,119,17,7,fall_classes,The Catch and the Quiet After,"Applications of definite integrals, cumulative review, and communicating solutions",Thanksgiving Day - university closed,River Classic | Thanksgiving travel | Marching-band farewell performance,DJ's decisive sports success lifts the campus while Nia and Malik begin processing loss instead of hiding it.,"Nia and Malik speak by phone from separate family kitchens, and neither turns the call into a confession.",Finals require both students to carry unresolved emotion into the last Calculus I work of the semester.
2025-11-28,Friday,120,18,1,fall_classes,The Work Before the Answer,"Comprehensive Calculus I review, proof of reasoning, and final project completion",,Thanksgiving return | Regular-season football finale | Basketball home opener,Malik accepts that the analytics loss will not be reversed; Nia learns to ask for help while grieving.,Nia returns to a campus full of couple traditions and asks Keisha to stay with her through the first quiet evening.,
2025-11-29,Saturday,121,18,2,fall_classes,The Work Before the Answer,"Comprehensive Calculus I review, proof of reasoning, and final project completion",,Thanksgiving return | Regular-season football finale | Basketball home opener,Malik accepts that the analytics loss will not be reversed; Nia learns to ask for help while grieving.,Malik tells Dr. Bennett he wants to appeal the semifinal score; the professor makes him identify an actual procedural error first.,
2025-11-30,Sunday,122,18,3,fall_classes,The Work Before the Answer,"Comprehensive Calculus I review, proof of reasoning, and final project completion",,Thanksgiving return | Regular-season football finale | Basketball home opener,Malik accepts that the analytics loss will not be reversed; Nia learns to ask for help while grieving.,"Finding none, Malik withdraws the appeal and writes the failure into his portfolio with an honest technical analysis.",
2025-12-01,Monday,123,18,4,fall_classes,The Work Before the Answer,"Comprehensive Calculus I review, proof of reasoning, and final project completion",,Thanksgiving return | Regular-season football finale | Basketball home opener,Malik accepts that the analytics loss will not be reversed; Nia learns to ask for help while grieving.,Nia leads one final review circle but assigns parts to others when her concentration slips instead of performing endless strength.,
2025-12-02,Tuesday,124,18,5,fall_classes,The Work Before the Answer,"Comprehensive Calculus I review, proof of reasoning, and final project completion",,Thanksgiving return | Regular-season football finale | Basketball home opener,Malik accepts that the analytics loss will not be reversed; Nia learns to ask for help while grieving.,"The football regular season closes with DJ named conference freshman of the week, while he still has a statistics paper due.",
2025-12-03,Wednesday,125,18,6,fall_classes,The Work Before the Answer,"Comprehensive Calculus I review, proof of reasoning, and final project completion",,Thanksgiving return | Regular-season football finale | Basketball home opener,Malik accepts that the analytics loss will not be reversed; Nia learns to ask for help while grieving.,"At the basketball home opener, Malik and Nia choose a group outing rather than using each other to escape the week's emotions.",
2025-12-04,Thursday,126,18,7,fall_classes,The Work Before the Answer,"Comprehensive Calculus I review, proof of reasoning, and final project completion",,Thanksgiving return | Regular-season football finale | Basketball home opener,Malik accepts that the analytics loss will not be reversed; Nia learns to ask for help while grieving.,They finish a Calculus I review map that shows what each once misunderstood and what still needs work.,"Finals week will settle grades and a conference football title, but not the emotional story."
2025-12-05,Friday,127,19,1,fall_finals,Everything That Counts,Calculus I final examination and explanation-based review,Fall classes end,Last day of classes | Conference football championship | Final examinations,"The fall ends with an athletic championship and credible academic recovery, but no romantic shortcut.","On the last class day, Dr. Brooks returns Malik's corrected first test beside his recent work so the improvement is visible without being perfect.",
2025-12-06,Saturday,128,19,2,fall_finals,Everything That Counts,Calculus I final examination and explanation-based review,,Last day of classes | Conference football championship | Final examinations,"The fall ends with an athletic championship and credible academic recovery, but no romantic shortcut.","McCall-Hart wins the conference football championship, and DJ contributes a difficult third-down catch rather than a storybook final touchdown.",
2025-12-07,Sunday,129,19,3,fall_finals,Everything That Counts,Calculus I final examination and explanation-based review,,Last day of classes | Conference football championship | Final examinations,"The fall ends with an athletic championship and credible academic recovery, but no romantic shortcut.","Nia celebrates with friends, then leaves before Julian's band gathering because she knows the night would reopen the breakup.",
2025-12-08,Monday,130,19,4,fall_finals,Everything That Counts,Calculus I final examination and explanation-based review,Fall final examinations begin,Last day of classes | Conference football championship | Final examinations,"The fall ends with an athletic championship and credible academic recovery, but no romantic shortcut.","The Calculus I final asks students to connect a graph, derivative, and accumulated area in one argument.",
2025-12-09,Tuesday,131,19,5,fall_finals,Everything That Counts,Calculus I final examination and explanation-based review,,Last day of classes | Conference football championship | Final examinations,"The fall ends with an athletic championship and credible academic recovery, but no romantic shortcut.","Malik slows down enough to finish every justification, accepting that one unanswered part does not invalidate the work he completed.",
2025-12-10,Wednesday,132,19,6,fall_finals,Everything That Counts,Calculus I final examination and explanation-based review,,Last day of classes | Conference football championship | Final examinations,"The fall ends with an athletic championship and credible academic recovery, but no romantic shortcut.","Nia freezes on an integration setup, uses the remaining time to redraw the region, and recovers without looking to anyone else.",
2025-12-11,Thursday,133,19,7,fall_finals,Everything That Counts,Calculus I final examination and explanation-based review,,Last day of classes | Conference football championship | Final examinations,"The fall ends with an athletic championship and credible academic recovery, but no romantic shortcut.","After the final, Malik and Nia exchange no promises beyond getting home safely and telling each other the truth about results.","Winter break begins with a bowl trip for DJ, a damaged home for Malik, and a first holiday after heartbreak for Nia."
2025-12-12,Friday,134,20,1,winter_break,After the Grades,"Fall reflection, transcript review, and identifying concrete spring prerequisites",Fall final examinations end | Fall commencement,Commencement | Heritage Bowl | Final grades released,"DJ receives a scholarship increase, and Malik earns a solid recovery without the competition victory he wanted.",Fall commencement lets the first-years see families celebrate work whose difficulty is invisible in a ceremony program.,
2025-12-13,Saturday,135,20,2,winter_break,After the Grades,"Fall reflection, transcript review, and identifying concrete spring prerequisites",Residence halls close,Commencement | Heritage Bowl | Final grades released,"DJ receives a scholarship increase, and Malik earns a solid recovery without the competition victory he wanted.","The Herons win the Heritage Bowl, and DJ's blocking assignment on the decisive play matters more than the ball going elsewhere.",
2025-12-14,Sunday,136,20,3,winter_break,After the Grades,"Fall reflection, transcript review, and identifying concrete spring prerequisites",,Commencement | Heritage Bowl | Final grades released,"DJ receives a scholarship increase, and Malik earns a solid recovery without the competition victory he wanted.",DJ learns his scholarship will increase in spring and calls Malik before the announcement becomes public.,
2025-12-15,Monday,137,20,4,winter_break,After the Grades,"Fall reflection, transcript review, and identifying concrete spring prerequisites",,Commencement | Heritage Bowl | Final grades released,"DJ receives a scholarship increase, and Malik earns a solid recovery without the competition victory he wanted.",Malik opens a B in Calculus I and initially sees only the distance from the grade he expected in August.,
2025-12-16,Tuesday,138,20,5,winter_break,After the Grades,"Fall reflection, transcript review, and identifying concrete spring prerequisites",,Commencement | Heritage Bowl | Final grades released,"DJ receives a scholarship increase, and Malik earns a solid recovery without the competition victory he wanted.",Nia earns an A-minus but does not use it to erase how exhausted and heartbroken she became.,
2025-12-17,Wednesday,139,20,6,winter_break,After the Grades,"Fall reflection, transcript review, and identifying concrete spring prerequisites",,Commencement | Heritage Bowl | Final grades released,"DJ receives a scholarship increase, and Malik earns a solid recovery without the competition victory he wanted.","At an alumni actuarial workshop, Simone and Malik debrief the analytics loss and discover how easy their conversation feels without a deadline.",
2025-12-18,Thursday,140,20,7,winter_break,After the Grades,"Fall reflection, transcript review, and identifying concrete spring prerequisites",,Commencement | Heritage Bowl | Final grades released,"DJ receives a scholarship increase, and Malik earns a solid recovery without the competition victory he wanted.",Malik returns to Gulfport and sleeps in the living room because his old room still smells like removed drywall.,Separate holidays give Malik and Nia room to become more than each other's primary support.
2025-12-19,Friday,141,21,1,winter_break,Christmas Without the Old Version,"Rest, family responsibility, and a light preview of integration applications",,Holiday travel | Community meal | Basketball road trip,"Nia grieves the relationship without returning to it, while Malik stops treating care for her as a claim on her future.",Nia finds Julian's handmade playlist in a box and allows herself to miss the good parts without calling the breakup a mistake.,
2025-12-20,Saturday,142,21,2,winter_break,Christmas Without the Old Version,"Rest, family responsibility, and a light preview of integration applications",,Holiday travel | Community meal | Basketball road trip,"Nia grieves the relationship without returning to it, while Malik stops treating care for her as a claim on her future.","Her mother asks whether she misses Julian or misses being chosen, and Nia admits she cannot separate the answers yet.",
2025-12-21,Sunday,143,21,3,winter_break,Christmas Without the Old Version,"Rest, family responsibility, and a light preview of integration applications",,Holiday travel | Community meal | Basketball road trip,"Nia grieves the relationship without returning to it, while Malik stops treating care for her as a claim on her future.",Malik helps his father complete physical-therapy exercises and sees how humiliating dependence feels to someone proud of providing.,
2025-12-22,Monday,144,21,4,winter_break,Christmas Without the Old Version,"Rest, family responsibility, and a light preview of integration applications",,Holiday travel | Community meal | Basketball road trip,"Nia grieves the relationship without returning to it, while Malik stops treating care for her as a claim on her future.","A contractor delay pushes repairs into spring, forcing the family to decide which damaged rooms can wait.",
2025-12-23,Tuesday,145,21,5,winter_break,Christmas Without the Old Version,"Rest, family responsibility, and a light preview of integration applications",,Holiday travel | Community meal | Basketball road trip,"Nia grieves the relationship without returning to it, while Malik stops treating care for her as a claim on her future.",Malik texts Nia a photo of a badly shaped homemade pie instead of checking whether she is lonely.,
2025-12-24,Wednesday,146,21,6,winter_break,Christmas Without the Old Version,"Rest, family responsibility, and a light preview of integration applications",,Holiday travel | Community meal | Basketball road trip,"Nia grieves the relationship without returning to it, while Malik stops treating care for her as a claim on her future.",Nia spends Christmas with family and leaves her phone in another room through dinner for the first time all fall.,
2025-12-25,Thursday,147,21,7,winter_break,Christmas Without the Old Version,"Rest, family responsibility, and a light preview of integration applications",,Holiday travel | Community meal | Basketball road trip,"Nia grieves the relationship without returning to it, while Malik stops treating care for her as a claim on her future.","Both write spring goals that include people, sleep, and uncertainty rather than only outcomes.",The new year begins with Malik ready to move forward and Nia not yet realizing she will mind when he does.
2025-12-26,Friday,148,22,1,winter_break,The Year Turns Quietly,"Calculus II readiness: antiderivative fluency, graph interpretation, and algebra repair",,New Year's Eve | Spring registration check | Research opportunity announcements,"Malik chooses to stop waiting for Nia, and Nia applies for a research opportunity that will define spring.",Malik completes the analytics postmortem and sends Simone a thank-you that becomes an hour-long phone conversation.,
2025-12-27,Saturday,149,22,2,winter_break,The Year Turns Quietly,"Calculus II readiness: antiderivative fluency, graph interpretation, and algebra repair",,New Year's Eve | Spring registration check | Research opportunity announcements,"Malik chooses to stop waiting for Nia, and Nia applies for a research opportunity that will define spring.",Nia reads a call for flood-resilience research proposals inspired by the fall Delta National Laboratory visit.,
2025-12-28,Sunday,150,22,3,winter_break,The Year Turns Quietly,"Calculus II readiness: antiderivative fluency, graph interpretation, and algebra repair",,New Year's Eve | Spring registration check | Research opportunity announcements,"Malik chooses to stop waiting for Nia, and Nia applies for a research opportunity that will define spring.",Keisha agrees to code for the project only if Nia treats her as a collaborator rather than emergency technical help.,
2025-12-29,Monday,151,22,4,winter_break,The Year Turns Quietly,"Calculus II readiness: antiderivative fluency, graph interpretation, and algebra repair",,New Year's Eve | Spring registration check | Research opportunity announcements,"Malik chooses to stop waiting for Nia, and Nia applies for a research opportunity that will define spring.",Malik removes a private calendar reminder labeled tell Nia after finals and accepts that no perfect moment is owed to him.,
2025-12-30,Tuesday,152,22,5,winter_break,The Year Turns Quietly,"Calculus II readiness: antiderivative fluency, graph interpretation, and algebra repair",,New Year's Eve | Spring registration check | Research opportunity announcements,"Malik chooses to stop waiting for Nia, and Nia applies for a research opportunity that will define spring.","Nia and Julian exchange brief New Year's messages that are warm, final, and free of hidden invitations.",
2025-12-31,Wednesday,153,22,6,winter_break,The Year Turns Quietly,"Calculus II readiness: antiderivative fluency, graph interpretation, and algebra repair",,New Year's Eve | Spring registration check | Research opportunity announcements,"Malik chooses to stop waiting for Nia, and Nia applies for a research opportunity that will define spring.","At midnight, Nia calls Malik and hears Simone laughing in the background of a group video chat.",
2026-01-01,Thursday,154,22,7,winter_break,The Year Turns Quietly,"Calculus II readiness: antiderivative fluency, graph interpretation, and algebra repair",New Year's Day - university closed,New Year's Eve | Spring registration check | Research opportunity announcements,"Malik chooses to stop waiting for Nia, and Nia applies for a research opportunity that will define spring.","Nia tells herself the sharp feeling is surprise, then opens the research application instead of calling back.",Spring returns with a reversed emotional current and two new partnerships.
2026-01-02,Friday,155,23,1,spring_transition,The First Return,"Calculus II orientation, accumulated area review, and applications of integration",,Residence halls reopen | First spring class meeting | Research matching session,"Malik and Simone reconnect in person, and Nia joins Dr. Price's flood-model research group.",Malik returns to a reorganized room where DJ's bowl trophy sits beside an unfinished economics assignment.,
2026-01-03,Saturday,156,23,2,spring_transition,The First Return,"Calculus II orientation, accumulated area review, and applications of integration",,Residence halls reopen | First spring class meeting | Research matching session,"Malik and Simone reconnect in person, and Nia joins Dr. Price's flood-model research group.",Nia and Keisha pitch the evacuation-model idea at research matching and are assigned a skeptical graduate mentor.,
2026-01-04,Sunday,157,23,3,spring_transition,The First Return,"Calculus II orientation, accumulated area review, and applications of integration",Residence halls reopen,Residence halls reopen | First spring class meeting | Research matching session,"Malik and Simone reconnect in person, and Nia joins Dr. Price's flood-model research group.","Simone asks Malik to coffee before classes begin, making clear that the invitation is personal rather than an analytics debrief.",
2026-01-05,Monday,158,23,4,spring_transition,The First Return,"Calculus II orientation, accumulated area review, and applications of integration",,Residence halls reopen | First spring class meeting | Research matching session,"Malik and Simone reconnect in person, and Nia joins Dr. Price's flood-model research group.","Malik tells Nia about the coffee without asking permission, and her too-bright approval confuses both of them.",
2026-01-06,Tuesday,159,23,5,spring_transition,The First Return,"Calculus II orientation, accumulated area review, and applications of integration",,Residence halls reopen | First spring class meeting | Research matching session,"Malik and Simone reconnect in person, and Nia joins Dr. Price's flood-model research group.",Dr. Delgado opens Calculus II by asking what an integral can measure besides area and rejects five memorized answers.,
2026-01-07,Wednesday,160,23,6,spring_transition,The First Return,"Calculus II orientation, accumulated area review, and applications of integration",Spring classes begin | Spring add-drop begins,Residence halls reopen | First spring class meeting | Research matching session,"Malik and Simone reconnect in person, and Nia joins Dr. Price's flood-model research group.",Nia's first research dataset contains missing road-capacity values that make the proposed model impossible to run as written.,
2026-01-08,Thursday,161,23,7,spring_transition,The First Return,"Calculus II orientation, accumulated area review, and applications of integration",,Residence halls reopen | First spring class meeting | Research matching session,"Malik and Simone reconnect in person, and Nia joins Dr. Price's flood-model research group.","Malik and Simone's coffee extends into dinner, while Nia stays late deciding which research question can survive the data.",The first full spring week turns Malik's date and Nia's research idea into commitments.
2026-01-09,Friday,162,24,1,spring_classes,Volumes and Openings,"Area, volume by disks and washers, and shell-method reasoning",,Heritage Tip-Off doubleheader | Add-drop deadline | Malik and Simone's first official date,Malik begins the spring relationship; Nia recognizes that her reaction is more than protective friendship.,Dr. Delgado makes the class choose between washer and shell methods before allowing any computation.,
2026-01-10,Saturday,163,24,2,spring_classes,Volumes and Openings,"Area, volume by disks and washers, and shell-method reasoning",,Heritage Tip-Off doubleheader | Add-drop deadline | Malik and Simone's first official date,Malik begins the spring relationship; Nia recognizes that her reaction is more than protective friendship.,Nia's project team maps flood zones as rotated regions and discovers the most elegant picture does not match the available roads.,
2026-01-11,Sunday,164,24,3,spring_classes,Volumes and Openings,"Area, volume by disks and washers, and shell-method reasoning",,Heritage Tip-Off doubleheader | Add-drop deadline | Malik and Simone's first official date,Malik begins the spring relationship; Nia recognizes that her reaction is more than protective friendship.,"At the women's basketball game, Imani introduces Nia to the pressure of making a choice after a visible error.",
2026-01-12,Monday,165,24,4,spring_classes,Volumes and Openings,"Area, volume by disks and washers, and shell-method reasoning",,Heritage Tip-Off doubleheader | Add-drop deadline | Malik and Simone's first official date,Malik begins the spring relationship; Nia recognizes that her reaction is more than protective friendship.,"The men's game runs late, and Malik still leaves on time for his date with Simone instead of making her wait behind campus energy.",
2026-01-13,Tuesday,166,24,5,spring_classes,Volumes and Openings,"Area, volume by disks and washers, and shell-method reasoning",Spring add-drop ends,Heritage Tip-Off doubleheader | Add-drop deadline | Malik and Simone's first official date,Malik begins the spring relationship; Nia recognizes that her reaction is more than protective friendship.,"Simone asks what Malik wants outside achievement; he gives an honest, unfinished answer about stability and family.",
2026-01-14,Wednesday,167,24,6,spring_classes,Volumes and Openings,"Area, volume by disks and washers, and shell-method reasoning",,Heritage Tip-Off doubleheader | Add-drop deadline | Malik and Simone's first official date,Malik begins the spring relationship; Nia recognizes that her reaction is more than protective friendship.,Nia sees Malik return smiling and realizes she had expected him to remain emotionally where she left him in fall.,
2026-01-15,Thursday,168,24,7,spring_classes,Volumes and Openings,"Area, volume by disks and washers, and shell-method reasoning",,Heritage Tip-Off doubleheader | Add-drop deadline | Malik and Simone's first official date,Malik begins the spring relationship; Nia recognizes that her reaction is more than protective friendship.,"She tells Keisha she may have feelings for Malik, and Keisha refuses to turn that discovery into a plan to interfere.",MLK service weekend will make Malik and Simone visible as a couple while Nia begins her own competitive application.
2026-01-16,Friday,169,25,1,spring_classes,Work Worth Doing,"Arc length, surface area, and work integrals",,Martin Luther King Jr. service day | Basketball road games | Symposium application opens,"Malik and Simone become official, and Nia commits her flood model to the regional symposium track.",The friends volunteer at a neighborhood food distribution site where Nia notices route congestion the research map omitted.,
2026-01-17,Saturday,170,25,2,spring_classes,Work Worth Doing,"Arc length, surface area, and work integrals",,Martin Luther King Jr. service day | Basketball road games | Symposium application opens,"Malik and Simone become official, and Nia commits her flood model to the regional symposium track.",Simone and Malik work the same station well together and agree afterward that they are dating exclusively.,
2026-01-18,Sunday,171,25,3,spring_classes,Work Worth Doing,"Arc length, surface area, and work integrals",,Martin Luther King Jr. service day | Basketball road games | Symposium application opens,"Malik and Simone become official, and Nia commits her flood model to the regional symposium track.","Nia congratulates them sincerely, then takes a long route back to campus so she does not have to perform being unaffected.",
2026-01-19,Monday,172,25,4,spring_classes,Work Worth Doing,"Arc length, surface area, and work integrals",Martin Luther King Jr. Day - university closed,Martin Luther King Jr. service day | Basketball road games | Symposium application opens,"Malik and Simone become official, and Nia commits her flood model to the regional symposium track.","A work-integral problem gives Nia a concrete way to include distance, load, and access in the evacuation project.",
2026-01-20,Tuesday,173,25,5,spring_classes,Work Worth Doing,"Arc length, surface area, and work integrals",,Martin Luther King Jr. service day | Basketball road games | Symposium application opens,"Malik and Simone become official, and Nia commits her flood model to the regional symposium track.","Dr. Price tells the team the regional symposium will judge a question and method, not the nobility of their intentions.",
2026-01-21,Wednesday,174,25,6,spring_classes,Work Worth Doing,"Arc length, surface area, and work integrals",,Martin Luther King Jr. service day | Basketball road games | Symposium application opens,"Malik and Simone become official, and Nia commits her flood model to the regional symposium track.",Keisha agrees to enter as coauthor after Nia rewrites the application to name her coding and data decisions explicitly.,
2026-01-22,Thursday,175,25,7,spring_classes,Work Worth Doing,"Arc length, surface area, and work integrals",,Martin Luther King Jr. service day | Basketball road games | Symposium application opens,"Malik and Simone become official, and Nia commits her flood model to the regional symposium track.","Malik finds Nia's draft in the shared lab, praises its sharper question, and leaves before she can turn the exchange intimate.","The research challenge now has a deadline, while Malik's relationship has boundaries Nia must respect."
2026-01-23,Friday,176,26,1,spring_classes,Choosing a Method,Integration by parts and method selection,,Basketball home weekend | Research-team data audit | Porter Center career panel,"Nia's project survives its first serious audit, and Malik begins investing in a relationship rather than merely enjoying one.","Dr. Delgado presents three integrals that look alike but require different decisions, frustrating students who want a recipe.",
2026-01-24,Saturday,177,26,2,spring_classes,Choosing a Method,Integration by parts and method selection,,Basketball home weekend | Research-team data audit | Porter Center career panel,"Nia's project survives its first serious audit, and Malik begins investing in a relationship rather than merely enjoying one.",Keisha finds duplicate evacuation records that make Nia's encouraging first graph unreliable.,
2026-01-25,Sunday,178,26,3,spring_classes,Choosing a Method,Integration by parts and method selection,,Basketball home weekend | Research-team data audit | Porter Center career panel,"Nia's project survives its first serious audit, and Malik begins investing in a relationship rather than merely enjoying one.",Nia discards the graph in front of the team instead of hiding the flaw until after the application deadline.,
2026-01-26,Monday,179,26,4,spring_classes,Choosing a Method,Integration by parts and method selection,,Basketball home weekend | Research-team data audit | Porter Center career panel,"Nia's project survives its first serious audit, and Malik begins investing in a relationship rather than merely enjoying one.",Malik attends Simone's data-finance panel and asks a question that supports her work without redirecting attention to himself.,
2026-01-27,Tuesday,180,26,5,spring_classes,Choosing a Method,Integration by parts and method selection,,Basketball home weekend | Research-team data audit | Porter Center career panel,"Nia's project survives its first serious audit, and Malik begins investing in a relationship rather than merely enjoying one.","At the basketball game, Nia sits with Julian by coincidence and discovers they can discuss band travel without relitigating the breakup.",
2026-01-28,Wednesday,181,26,6,spring_classes,Choosing a Method,Integration by parts and method selection,,Basketball home weekend | Research-team data audit | Porter Center career panel,"Nia's project survives its first serious audit, and Malik begins investing in a relationship rather than merely enjoying one.","Malik sees them together, notices his old jealousy, and chooses to ask Nia about it directly rather than assume.",
2026-01-29,Thursday,182,26,7,spring_classes,Choosing a Method,Integration by parts and method selection,,Basketball home weekend | Research-team data audit | Porter Center career panel,"Nia's project survives its first serious audit, and Malik begins investing in a relationship rather than merely enjoying one.","Nia says the conversation was closure, then recognizes that she wants Malik to care for reasons she has no right to demand.",A difficult integration unit and the first research selection will test all three new boundaries.
2026-01-30,Friday,183,27,1,spring_classes,Identity in the Integral,"Trigonometric integrals, trigonometric substitution, and algebraic identities",,Away basketball weekend | Campus research selection | Keisha's indoor track meet,"Nia's proposal advances to the campus round, and Keisha's independent success prevents the research team from becoming Nia's possession.",Nia misapplies a trig identity on the board and must let another student finish the solution she began confidently.,
2026-01-31,Saturday,184,27,2,spring_classes,Identity in the Integral,"Trigonometric integrals, trigonometric substitution, and algebraic identities",,Away basketball weekend | Campus research selection | Keisha's indoor track meet,"Nia's proposal advances to the campus round, and Keisha's independent success prevents the research team from becoming Nia's possession.","The research proposal advances, but reviewer notes say the human decision assumptions are still vague.",
2026-02-01,Sunday,185,27,3,spring_classes,Identity in the Integral,"Trigonometric integrals, trigonometric substitution, and algebraic identities",,Away basketball weekend | Campus research selection | Keisha's indoor track meet,"Nia's proposal advances to the campus round, and Keisha's independent success prevents the research team from becoming Nia's possession.",Keisha leaves rehearsal early for an indoor track meet after Nia assumes the team will work through the weekend.,
2026-02-02,Monday,186,27,4,spring_classes,Identity in the Integral,"Trigonometric integrals, trigonometric substitution, and algebraic identities",,Away basketball weekend | Campus research selection | Keisha's indoor track meet,"Nia's proposal advances to the campus round, and Keisha's independent success prevents the research team from becoming Nia's possession.","Keisha runs a personal best, reminding Nia that her collaborator has goals that do not orbit the project.",
2026-02-03,Tuesday,187,27,5,spring_classes,Identity in the Integral,"Trigonometric integrals, trigonometric substitution, and algebraic identities",,Away basketball weekend | Campus research selection | Keisha's indoor track meet,"Nia's proposal advances to the campus round, and Keisha's independent success prevents the research team from becoming Nia's possession.",Malik and Simone take a short road trip to a basketball game and discover they disagree about planning every hour of travel.,
2026-02-04,Wednesday,188,27,6,spring_classes,Identity in the Integral,"Trigonometric integrals, trigonometric substitution, and algebraic identities",,Away basketball weekend | Campus research selection | Keisha's indoor track meet,"Nia's proposal advances to the campus round, and Keisha's independent success prevents the research team from becoming Nia's possession.",They laugh through the disagreement rather than treating compatibility as sameness.,
2026-02-05,Thursday,189,27,7,spring_classes,Identity in the Integral,"Trigonometric integrals, trigonometric substitution, and algebraic identities",,Away basketball weekend | Campus research selection | Keisha's indoor track meet,"Nia's proposal advances to the campus round, and Keisha's independent success prevents the research team from becoming Nia's possession.",Nia rewrites the research schedule around shared ownership and asks Julian to advise only on public visualization.,A research conference and Calculus II test arrive during the opening of spring sports.
2026-02-06,Friday,190,28,1,spring_classes,The Room Beyond the Classroom,"Partial fractions, numerical integration, and test one",,Southeastern Mathematics Futures Conference | Softball opening weekend | Basketball doubleheader,"Nia encounters real undergraduate research culture and decides she wants the fellowship, not merely the experience.",The Calculus II test asks students to choose and justify an integration method before computing.,
2026-02-07,Saturday,191,28,2,spring_classes,The Room Beyond the Classroom,"Partial fractions, numerical integration, and test one",,Southeastern Mathematics Futures Conference | Softball opening weekend | Basketball doubleheader,"Nia encounters real undergraduate research culture and decides she wants the fellowship, not merely the experience.",Nia leaves one partial-fractions problem incomplete but writes a correct setup instead of filling the page with guesses.,
2026-02-08,Sunday,192,28,3,spring_classes,The Room Beyond the Classroom,"Partial fractions, numerical integration, and test one",,Southeastern Mathematics Futures Conference | Softball opening weekend | Basketball doubleheader,"Nia encounters real undergraduate research culture and decides she wants the fellowship, not merely the experience.","At the Mathematics Futures Conference, first-year students present imperfect projects and answer serious questions.",
2026-02-09,Monday,193,28,4,spring_classes,The Room Beyond the Classroom,"Partial fractions, numerical integration, and test one",,Southeastern Mathematics Futures Conference | Softball opening weekend | Basketball doubleheader,"Nia encounters real undergraduate research culture and decides she wants the fellowship, not merely the experience.",A panel on national laboratories shows Nia that mathematical communication can influence infrastructure decisions.,
2026-02-10,Tuesday,194,28,5,spring_classes,The Room Beyond the Classroom,"Partial fractions, numerical integration, and test one",,Southeastern Mathematics Futures Conference | Softball opening weekend | Basketball doubleheader,"Nia encounters real undergraduate research culture and decides she wants the fellowship, not merely the experience.","Imani opens softball season with an error and a game-winning double, refusing the reporter's attempt to erase one with the other.",
2026-02-11,Wednesday,195,28,6,spring_classes,The Room Beyond the Classroom,"Partial fractions, numerical integration, and test one",,Southeastern Mathematics Futures Conference | Softball opening weekend | Basketball doubleheader,"Nia encounters real undergraduate research culture and decides she wants the fellowship, not merely the experience.",Nia tells Keisha she wants the symposium fellowship badly enough that losing will hurt; Keisha says that honesty will improve the work.,
2026-02-12,Thursday,196,28,7,spring_classes,The Room Beyond the Classroom,"Partial fractions, numerical integration, and test one",,Southeastern Mathematics Futures Conference | Softball opening weekend | Basketball doubleheader,"Nia encounters real undergraduate research culture and decides she wants the fellowship, not merely the experience.",Malik misses the conference for a planned day with Simone but reads Nia's notes later without making the choice a moral test.,Valentine's week will make the reversed romantic positions impossible for Nia to ignore.
2026-02-13,Friday,197,29,1,spring_classes,Valentine's Data,"Improper integrals, convergence of unbounded quantities, and test corrections",,Valentine's Day | Baseball opening series | Research proposal pitch,"Malik and Simone deepen their relationship, while Nia's first public research pitch exposes a major weakness.",Nia jokes through Valentine's displays until a campus-radio dedication reminds her how much she once wanted public romance.,
2026-02-14,Saturday,198,29,2,spring_classes,Valentine's Data,"Improper integrals, convergence of unbounded quantities, and test corrections",,Valentine's Day | Baseball opening series | Research proposal pitch,"Malik and Simone deepen their relationship, while Nia's first public research pitch exposes a major weakness.","Malik gives Simone a small notebook containing questions they have not yet had time to answer, not a grand public gesture.",
2026-02-15,Sunday,199,29,3,spring_classes,Valentine's Data,"Improper integrals, convergence of unbounded quantities, and test corrections",,Valentine's Day | Baseball opening series | Research proposal pitch,"Malik and Simone deepen their relationship, while Nia's first public research pitch exposes a major weakness.",Nia pitches the flood model and is asked why the team assumes every driver receives and trusts the same warning.,
2026-02-16,Monday,200,29,4,spring_classes,Valentine's Data,"Improper integrals, convergence of unbounded quantities, and test corrections",,Valentine's Day | Baseball opening series | Research proposal pitch,"Malik and Simone deepen their relationship, while Nia's first public research pitch exposes a major weakness.","She becomes defensive, and Keisha answers the question more honestly than Nia does.",
2026-02-17,Tuesday,201,29,5,spring_classes,Valentine's Data,"Improper integrals, convergence of unbounded quantities, and test corrections",,Valentine's Day | Baseball opening series | Research proposal pitch,"Malik and Simone deepen their relationship, while Nia's first public research pitch exposes a major weakness.","At baseball's opening series, a delayed weather alert gives the team a real example of unequal information flow.",
2026-02-18,Wednesday,202,29,6,spring_classes,Valentine's Data,"Improper integrals, convergence of unbounded quantities, and test corrections",,Valentine's Day | Baseball opening series | Research proposal pitch,"Malik and Simone deepen their relationship, while Nia's first public research pitch exposes a major weakness.","Julian offers to test message designs with campus-media volunteers, and Nia accepts under a written project role.",
2026-02-19,Thursday,203,29,7,spring_classes,Valentine's Data,"Improper integrals, convergence of unbounded quantities, and test corrections",,Valentine's Day | Baseball opening series | Research proposal pitch,"Malik and Simone deepen their relationship, while Nia's first public research pitch exposes a major weakness.",Nia apologizes to Keisha for treating criticism like disloyalty and rebuilds the proposal around communication failure.,A national-lab preview and the transition to infinite sequences will expand the project's scale.
2026-02-20,Friday,204,30,1,spring_classes,The First Infinite Question,"Sequences, monotonicity, boundedness, and limits of sequences",,Delta National Laboratory virtual briefing | Packed baseball-softball weekend | Simone's internship application,"The summer lab path opens, and Simone's international ambition introduces a future Malik did not include in his plans.",Dr. Delgado introduces sequences by asking whether repeated small updates approach a stable warning time.,
2026-02-21,Saturday,205,30,2,spring_classes,The First Infinite Question,"Sequences, monotonicity, boundedness, and limits of sequences",,Delta National Laboratory virtual briefing | Packed baseball-softball weekend | Simone's internship application,"The summer lab path opens, and Simone's international ambition introduces a future Malik did not include in his plans.",Delta National Laboratory scientists brief students on summer storm-surge work and require multidisciplinary teams.,
2026-02-22,Sunday,206,30,3,spring_classes,The First Infinite Question,"Sequences, monotonicity, boundedness, and limits of sequences",,Delta National Laboratory virtual briefing | Packed baseball-softball weekend | Simone's internship application,"The summer lab path opens, and Simone's international ambition introduces a future Malik did not include in his plans.",Nia reshapes the project toward iterative route updates instead of one static evacuation map.,
2026-02-23,Monday,207,30,4,spring_classes,The First Infinite Question,"Sequences, monotonicity, boundedness, and limits of sequences",,Delta National Laboratory virtual briefing | Packed baseball-softball weekend | Simone's internship application,"The summer lab path opens, and Simone's international ambition introduces a future Malik did not include in his plans.",Simone tells Malik she applied for a summer internship in London and does not soften how badly she wants it.,
2026-02-24,Tuesday,208,30,5,spring_classes,The First Infinite Question,"Sequences, monotonicity, boundedness, and limits of sequences",,Delta National Laboratory virtual briefing | Packed baseball-softball weekend | Simone's internship application,"The summer lab path opens, and Simone's international ambition introduces a future Malik did not include in his plans.",Malik supports the application but privately calculates how a long-distance relationship could fit before asking whether she wants one.,
2026-02-25,Wednesday,209,30,6,spring_classes,The First Infinite Question,"Sequences, monotonicity, boundedness, and limits of sequences",,Delta National Laboratory virtual briefing | Packed baseball-softball weekend | Simone's internship application,"The summer lab path opens, and Simone's international ambition introduces a future Malik did not include in his plans.","Baseball and softball overlaps force Imani, DJ, and Keisha to trade study coverage rather than attend every event together.",
2026-02-26,Thursday,210,30,7,spring_classes,The First Infinite Question,"Sequences, monotonicity, boundedness, and limits of sequences",,Delta National Laboratory virtual briefing | Packed baseball-softball weekend | Simone's internship application,"The summer lab path opens, and Simone's international ambition introduces a future Malik did not include in his plans.",Nia sees Malik and Simone planning interview practice and recognizes that loving someone's ambition can move them away from you.,"Series and convergence tests will parallel, but not replace, decisions about which efforts can continue."
2026-02-27,Friday,211,31,1,spring_classes,What Converges,"Infinite series, geometric series, divergence, and the integral test",,Rivalry basketball finale | Research campus semifinal | Guest talk on disaster communication,"Nia's team reaches the regional presentation stage, and Malik realizes Simone's summer plans may not include their relationship.","Nia connects a geometric series to repeated warning reach, then learns the model still overestimates households with limited internet access.",
2026-02-28,Saturday,212,31,2,spring_classes,What Converges,"Infinite series, geometric series, divergence, and the integral test",,Rivalry basketball finale | Research campus semifinal | Guest talk on disaster communication,"Nia's team reaches the regional presentation stage, and Malik realizes Simone's summer plans may not include their relationship.",Julian records community interviews that contradict the team's assumptions about trust and official messages.,
2026-03-01,Sunday,213,31,3,spring_classes,What Converges,"Infinite series, geometric series, divergence, and the integral test",,Rivalry basketball finale | Research campus semifinal | Guest talk on disaster communication,"Nia's team reaches the regional presentation stage, and Malik realizes Simone's summer plans may not include their relationship.",The project wins the campus semifinal because the team names what it does not yet know.,
2026-03-02,Monday,214,31,4,spring_classes,What Converges,"Infinite series, geometric series, divergence, and the integral test",,Rivalry basketball finale | Research campus semifinal | Guest talk on disaster communication,"Nia's team reaches the regional presentation stage, and Malik realizes Simone's summer plans may not include their relationship.","McCall-Hart's women win the rivalry basketball finale, while the men's team loses on a final missed shot.",
2026-03-03,Tuesday,215,31,5,spring_classes,What Converges,"Infinite series, geometric series, divergence, and the integral test",,Rivalry basketball finale | Research campus semifinal | Guest talk on disaster communication,"Nia's team reaches the regional presentation stage, and Malik realizes Simone's summer plans may not include their relationship.",The shared crowd must hold triumph and disappointment without reducing either team to the other's result.,
2026-03-04,Wednesday,216,31,6,spring_classes,What Converges,"Infinite series, geometric series, divergence, and the integral test",,Rivalry basketball finale | Research campus semifinal | Guest talk on disaster communication,"Nia's team reaches the regional presentation stage, and Malik realizes Simone's summer plans may not include their relationship.",Simone receives a London interview and tells Malik she cannot promise a summer decision before she has an offer.,
2026-03-05,Thursday,217,31,7,spring_classes,What Converges,"Infinite series, geometric series, divergence, and the integral test",,Rivalry basketball finale | Research campus semifinal | Guest talk on disaster communication,"Nia's team reaches the regional presentation stage, and Malik realizes Simone's summer plans may not include their relationship.","Malik asks whether they are planning a relationship or preserving a pleasant semester, and Simone says they need more evidence.",Conference tournament pressure and spring break will separate the characters long enough to expose mistaken assumptions.
2026-03-06,Friday,218,32,1,spring_classes,Tests of Convergence,"Comparison, ratio, root, and alternating-series tests",,Conference basketball tournament | Symposium acceptance | Simone's London interview,Nia earns a symposium place while Malik and Simone begin confronting an incompatibility that affection cannot solve.,Dr. Delgado requires students to defend which convergence test they chose before showing any algebra.,
2026-03-07,Saturday,219,32,2,spring_classes,Tests of Convergence,"Comparison, ratio, root, and alternating-series tests",,Conference basketball tournament | Symposium acceptance | Simone's London interview,Nia earns a symposium place while Malik and Simone begin confronting an incompatibility that affection cannot solve.,Nia's team receives regional symposium acceptance and a final-round fellowship interview slot.,
2026-03-08,Sunday,220,32,3,spring_classes,Tests of Convergence,"Comparison, ratio, root, and alternating-series tests",,Conference basketball tournament | Symposium acceptance | Simone's London interview,Nia earns a symposium place while Malik and Simone begin confronting an incompatibility that affection cannot solve.,Julian designs an animated route map that makes the research understandable without turning Nia into the project's sole hero.,
2026-03-09,Monday,221,32,4,spring_classes,Tests of Convergence,"Comparison, ratio, root, and alternating-series tests",,Conference basketball tournament | Symposium acceptance | Simone's London interview,Nia earns a symposium place while Malik and Simone begin confronting an incompatibility that affection cannot solve.,"McCall-Hart's women's basketball team reaches the conference final, and Keisha travels with the student pep group after completing her code review.",
2026-03-10,Tuesday,222,32,5,spring_classes,Tests of Convergence,"Comparison, ratio, root, and alternating-series tests",,Conference basketball tournament | Symposium acceptance | Simone's London interview,Nia earns a symposium place while Malik and Simone begin confronting an incompatibility that affection cannot solve.,"The women lose a close final but earn a postseason invitation, giving campus a future beyond the immediate result.",
2026-03-11,Wednesday,223,32,6,spring_classes,Tests of Convergence,"Comparison, ratio, root, and alternating-series tests",,Conference basketball tournament | Symposium acceptance | Simone's London interview,Nia earns a symposium place while Malik and Simone begin confronting an incompatibility that affection cannot solve.,"Simone's London interview goes well; Malik congratulates her, then admits he hoped the opportunity would become less real.",
2026-03-12,Thursday,224,32,7,spring_classes,Tests of Convergence,"Comparison, ratio, root, and alternating-series tests",,Conference basketball tournament | Symposium acceptance | Simone's London interview,Nia earns a symposium place while Malik and Simone begin confronting an incompatibility that affection cannot solve.,"They decide not to force a spring breakup before they know the offer, but the relationship no longer feels uncomplicated.",Spring break brings Nia and Julian into close project work and gives Malik too much room to misread it.
2026-03-13,Friday,225,33,1,spring_break,"Spring Break, Old Angles","Power-series preview, approximation error, and research revision",,Spring break | Postseason basketball | Project documentary work,"Julian and Nia prove they can collaborate without reuniting, while Malik's jealousy reveals feelings he has not resolved.",Nia stays on campus for two break days to rebuild the presentation with Keisha and Julian.,
2026-03-14,Saturday,226,33,2,spring_break,"Spring Break, Old Angles","Power-series preview, approximation error, and research revision",,Spring break | Postseason basketball | Project documentary work,"Julian and Nia prove they can collaborate without reuniting, while Malik's jealousy reveals feelings he has not resolved.","Julian interviews Nia about the breakup between elegant models and messy human behavior, and the answer applies to more than research.",
2026-03-15,Sunday,227,33,3,spring_break,"Spring Break, Old Angles","Power-series preview, approximation error, and research revision",,Spring break | Postseason basketball | Project documentary work,"Julian and Nia prove they can collaborate without reuniting, while Malik's jealousy reveals feelings he has not resolved.",A still image of Nia and Julian laughing over edits reaches Malik without the context of the full team in the room.,
2026-03-16,Monday,228,33,4,spring_break,"Spring Break, Old Angles","Power-series preview, approximation error, and research revision",Spring break begins,Spring break | Postseason basketball | Project documentary work,"Julian and Nia prove they can collaborate without reuniting, while Malik's jealousy reveals feelings he has not resolved.","Malik says nothing and becomes distant during Simone's interview practice, making her pay for a feeling she did not cause.",
2026-03-17,Tuesday,229,33,5,spring_break,"Spring Break, Old Angles","Power-series preview, approximation error, and research revision",,Spring break | Postseason basketball | Project documentary work,"Julian and Nia prove they can collaborate without reuniting, while Malik's jealousy reveals feelings he has not resolved.",Simone asks directly whether Malik is jealous of Julian; Malik admits he is and does not defend it.,
2026-03-18,Wednesday,230,33,6,spring_break,"Spring Break, Old Angles","Power-series preview, approximation error, and research revision",,Spring break | Postseason basketball | Project documentary work,"Julian and Nia prove they can collaborate without reuniting, while Malik's jealousy reveals feelings he has not resolved.",Nia goes home to Huntsville and tells her mother that working with Julian felt safe precisely because the relationship is over.,
2026-03-19,Thursday,231,33,7,spring_break,"Spring Break, Old Angles","Power-series preview, approximation error, and research revision",,Spring break | Postseason basketball | Project documentary work,"Julian and Nia prove they can collaborate without reuniting, while Malik's jealousy reveals feelings he has not resolved.","The friends return to campus with a stronger project, a strained spring relationship, and no romantic confrontation yet.",A Delta National Laboratory visit will force the research team and both romantic histories into one trip.
2026-03-20,Friday,232,34,1,spring_classes,Radius of Influence,"Power series, radius and interval of convergence, and approximation error",Spring break ends,Delta National Laboratory research visit | Baseball-softball road series | Track outdoor opener,"The lab visit validates the project direction, while Simone sees that Malik and Nia's connection is unresolved.",Nia uses a power-series approximation to speed one local calculation and must state where the approximation stops being reliable.,
2026-03-21,Saturday,233,34,2,spring_classes,Radius of Influence,"Power series, radius and interval of convergence, and approximation error",,Delta National Laboratory research visit | Baseball-softball road series | Track outdoor opener,"The lab visit validates the project direction, while Simone sees that Malik and Nia's connection is unresolved.","At Delta National Laboratory, the team tours the supercomputing floor and hears a talk on uncertainty communication.",
2026-03-22,Sunday,234,34,3,spring_classes,Radius of Influence,"Power series, radius and interval of convergence, and approximation error",,Delta National Laboratory research visit | Baseball-softball road series | Track outdoor opener,"The lab visit validates the project direction, while Simone sees that Malik and Nia's connection is unresolved.",Malik joins the trip as an actuarial student and asks how agencies price rare risks without pretending the estimates are certain.,
2026-03-23,Monday,235,34,4,spring_classes,Radius of Influence,"Power series, radius and interval of convergence, and approximation error",,Delta National Laboratory research visit | Baseball-softball road series | Track outdoor opener,"The lab visit validates the project direction, while Simone sees that Malik and Nia's connection is unresolved.",Nia and Malik co-answer a scientist's question with the old ease that first formed during Summer Bridge.,
2026-03-24,Tuesday,236,34,5,spring_classes,Radius of Influence,"Power series, radius and interval of convergence, and approximation error",,Delta National Laboratory research visit | Baseball-softball road series | Track outdoor opener,"The lab visit validates the project direction, while Simone sees that Malik and Nia's connection is unresolved.",Simone watches the exchange without blaming Nia and later asks Malik whether part of him has remained unavailable all spring.,
2026-03-25,Wednesday,237,34,6,spring_classes,Radius of Influence,"Power series, radius and interval of convergence, and approximation error",,Delta National Laboratory research visit | Baseball-softball road series | Track outdoor opener,"The lab visit validates the project direction, while Simone sees that Malik and Nia's connection is unresolved.","Keisha opens outdoor track with a strong relay split, while Imani's softball team sweeps a road series after two one-run games.",
2026-03-26,Thursday,238,34,7,spring_classes,Radius of Influence,"Power series, radius and interval of convergence, and approximation error",,Delta National Laboratory research visit | Baseball-softball road series | Track outdoor opener,"The lab visit validates the project direction, while Simone sees that Malik and Nia's connection is unresolved.","Malik tells Simone he does not know what his connection with Nia means, which is honest but not harmless.",Nia's final rehearsal and Simone's internship decision will remove the shelter of uncertainty.
2026-03-27,Friday,239,35,1,spring_classes,Approximation Is Not Arrival,"Taylor and Maclaurin series, polynomial approximation, and error bounds",,Symposium rehearsal | Softball rivalry series | London internship offer,"Nia's polished presentation fails in rehearsal, and Simone receives the offer that makes her spring choice concrete.",Nia gives a technically dense rehearsal that leaves a community reviewer unable to say what decision the model supports.,
2026-03-28,Saturday,240,35,2,spring_classes,Approximation Is Not Arrival,"Taylor and Maclaurin series, polynomial approximation, and error bounds",,Symposium rehearsal | Softball rivalry series | London internship offer,"Nia's polished presentation fails in rehearsal, and Simone receives the offer that makes her spring choice concrete.",Dr. Price stops the talk at minute six and tells Nia that correctness without audience understanding is unfinished work.,
2026-03-29,Sunday,241,35,3,spring_classes,Approximation Is Not Arrival,"Taylor and Maclaurin series, polynomial approximation, and error bounds",,Symposium rehearsal | Softball rivalry series | London internship offer,"Nia's polished presentation fails in rehearsal, and Simone receives the offer that makes her spring choice concrete.","Julian removes half the animation rather than adding spectacle, and Keisha rewrites the live demonstration around one household's choices.",
2026-03-30,Monday,242,35,4,spring_classes,Approximation Is Not Arrival,"Taylor and Maclaurin series, polynomial approximation, and error bounds",,Symposium rehearsal | Softball rivalry series | London internship offer,"Nia's polished presentation fails in rehearsal, and Simone receives the offer that makes her spring choice concrete.",Simone receives the London offer and accepts before discussing it with Malik because the career decision is hers.,
2026-03-31,Tuesday,243,35,5,spring_classes,Approximation Is Not Arrival,"Taylor and Maclaurin series, polynomial approximation, and error bounds",,Symposium rehearsal | Softball rivalry series | London internship offer,"Nia's polished presentation fails in rehearsal, and Simone receives the offer that makes her spring choice concrete.","Malik is proud and hurt, then recognizes that he had treated consultation as proof of commitment.",
2026-04-01,Wednesday,244,35,6,spring_classes,Approximation Is Not Arrival,"Taylor and Maclaurin series, polynomial approximation, and error bounds",,Symposium rehearsal | Softball rivalry series | London internship offer,"Nia's polished presentation fails in rehearsal, and Simone receives the offer that makes her spring choice concrete.","Imani commits an error in the softball rivalry opener and responds with disciplined defense in the next two games, not a miraculous home run.",
2026-04-02,Thursday,245,35,7,spring_classes,Approximation Is Not Arrival,"Taylor and Maclaurin series, polynomial approximation, and error bounds",,Symposium rehearsal | Softball rivalry series | London internship offer,"Nia's polished presentation fails in rehearsal, and Simone receives the offer that makes her spring choice concrete.","Nia's second rehearsal lands, but she learns that a strong performance still cannot guarantee the fellowship.","Withdrawal week, parametric motion, and Simone's decision will bring the spring relationship to its end."
2026-04-03,Friday,246,36,1,spring_classes,Different Parameters,"Parametric equations, velocity, acceleration, and arc length",Spring course-withdrawal deadline,Course withdrawal deadline | Simone and Malik's breakup | Research final submission,Simone ends the relationship with agency and care; Malik refuses to move immediately toward Nia.,Parametric curves show the class how two quantities can share time without following the same path.,
2026-04-04,Saturday,247,36,2,spring_classes,Different Parameters,"Parametric equations, velocity, acceleration, and arc length",,Course withdrawal deadline | Simone and Malik's breakup | Research final submission,Simone ends the relationship with agency and care; Malik refuses to move immediately toward Nia.,Simone tells Malik that London is not the only issue: she has felt him comparing their relationship with an unfinished possibility.,
2026-04-05,Sunday,248,36,3,spring_classes,Different Parameters,"Parametric equations, velocity, acceleration, and arc length",,Course withdrawal deadline | Simone and Malik's breakup | Research final submission,Simone ends the relationship with agency and care; Malik refuses to move immediately toward Nia.,Malik apologizes without asking her to stay and admits he entered spring believing moving forward meant never looking back.,
2026-04-06,Monday,249,36,4,spring_classes,Different Parameters,"Parametric equations, velocity, acceleration, and arc length",,Course withdrawal deadline | Simone and Malik's breakup | Research final submission,Simone ends the relationship with agency and care; Malik refuses to move immediately toward Nia.,"They end the relationship at Porter Center, sad and respectful, with no promise to resume after summer.",
2026-04-07,Tuesday,250,36,5,spring_classes,Different Parameters,"Parametric equations, velocity, acceleration, and arc length",,Course withdrawal deadline | Simone and Malik's breakup | Research final submission,Simone ends the relationship with agency and care; Malik refuses to move immediately toward Nia.,Nia hears about the breakup from Malik himself and feels hope followed immediately by guilt.,
2026-04-08,Wednesday,251,36,6,spring_classes,Different Parameters,"Parametric equations, velocity, acceleration, and arc length",,Course withdrawal deadline | Simone and Malik's breakup | Research final submission,Simone ends the relationship with agency and care; Malik refuses to move immediately toward Nia.,"When Nia hints that they should talk about fall, Malik says he will not turn her heartbreak or his into a shortcut.",
2026-04-09,Thursday,252,36,7,spring_classes,Different Parameters,"Parametric equations, velocity, acceleration, and arc length",,Course withdrawal deadline | Simone and Malik's breakup | Research final submission,Simone ends the relationship with agency and care; Malik refuses to move immediately toward Nia.,The research team submits its final symposium materials as Malik and Nia agree to protect distance through the presentation.,"Nia must face the fellowship judges without using romance, reconciliation, or Malik as emotional proof that she is okay."
2026-04-10,Friday,253,37,1,spring_classes,The Presentation and the No,"Polar coordinates, polar area, and choosing coordinate systems for a problem",,Southeastern Undergraduate Mathematics Symposium | Track invitational | Baseball conference series,Nia gives the strongest talk she can and does not receive the national fellowship.,Nia uses polar coordinates to explain why distance from a warning source is not the same as access to a safe route.,
2026-04-11,Saturday,254,37,2,spring_classes,The Presentation and the No,"Polar coordinates, polar area, and choosing coordinate systems for a problem",,Southeastern Undergraduate Mathematics Symposium | Track invitational | Baseball conference series,Nia gives the strongest talk she can and does not receive the national fellowship.,"The team travels to the symposium and watches projects with more funding, older students, and cleaner datasets.",
2026-04-12,Sunday,255,37,3,spring_classes,The Presentation and the No,"Polar coordinates, polar area, and choosing coordinate systems for a problem",,Southeastern Undergraduate Mathematics Symposium | Track invitational | Baseball conference series,Nia gives the strongest talk she can and does not receive the national fellowship.,"Keisha runs the live model, Julian manages the visual sequence, and Nia answers questions without claiming certainty the data cannot support.",
2026-04-13,Monday,256,37,4,spring_classes,The Presentation and the No,"Polar coordinates, polar area, and choosing coordinate systems for a problem",,Southeastern Undergraduate Mathematics Symposium | Track invitational | Baseball conference series,Nia gives the strongest talk she can and does not receive the national fellowship.,The judges praise the public-value question and identify unresolved validation gaps.,
2026-04-14,Tuesday,257,37,5,spring_classes,The Presentation and the No,"Polar coordinates, polar area, and choosing coordinate systems for a problem",,Southeastern Undergraduate Mathematics Symposium | Track invitational | Baseball conference series,Nia gives the strongest talk she can and does not receive the national fellowship.,"Another team receives the national fellowship, and Nia applauds before finding a private stairwell where disappointment can be honest.",
2026-04-15,Wednesday,258,37,6,spring_classes,The Presentation and the No,"Polar coordinates, polar area, and choosing coordinate systems for a problem",,Southeastern Undergraduate Mathematics Symposium | Track invitational | Baseball conference series,Nia gives the strongest talk she can and does not receive the national fellowship.,Malik waits outside rather than entering until Keisha confirms Nia wants him there.,
2026-04-16,Thursday,259,37,7,spring_classes,The Presentation and the No,"Polar coordinates, polar area, and choosing coordinate systems for a problem",,Southeastern Undergraduate Mathematics Symposium | Track invitational | Baseball conference series,Nia gives the strongest talk she can and does not receive the national fellowship.,Nia says she did everything better and still lost; Malik answers that the loss is real and does not need a lesson tonight.,The final class week asks Nia what remains valuable when the desired award is gone.
2026-04-17,Friday,260,38,1,spring_classes,What Remains,"Calculus II synthesis, polar review, and final-project interpretation",,Last full class week | Softball-baseball home finales | Guest seminar on public mathematics,"Nia keeps the research alive without pretending she has recovered, and both old relationships receive clear closure.","Nia considers deleting the project folder, then archives the fellowship version and opens a new file labeled community validation.",
2026-04-18,Saturday,261,38,2,spring_classes,What Remains,"Calculus II synthesis, polar review, and final-project interpretation",,Last full class week | Softball-baseball home finales | Guest seminar on public mathematics,"Nia keeps the research alive without pretending she has recovered, and both old relationships receive clear closure.",A public-mathematics speaker explains how rejected academic work can become useful only after researchers relinquish ownership.,
2026-04-19,Sunday,262,38,3,spring_classes,What Remains,"Calculus II synthesis, polar review, and final-project interpretation",,Last full class week | Softball-baseball home finales | Guest seminar on public mathematics,"Nia keeps the research alive without pretending she has recovered, and both old relationships receive clear closure.",Julian asks whether their successful collaboration means they should try dating again; Nia says no without punishing him for asking.,
2026-04-20,Monday,263,38,4,spring_classes,What Remains,"Calculus II synthesis, polar review, and final-project interpretation",,Last full class week | Softball-baseball home finales | Guest seminar on public mathematics,"Nia keeps the research alive without pretending she has recovered, and both old relationships receive clear closure.",Simone and Malik exchange internship logistics and return personal items without rewriting spring as a mistake.,
2026-04-21,Tuesday,264,38,5,spring_classes,What Remains,"Calculus II synthesis, polar review, and final-project interpretation",,Last full class week | Softball-baseball home finales | Guest seminar on public mathematics,"Nia keeps the research alive without pretending she has recovered, and both old relationships receive clear closure.","Imani's softball team wins its home finale and qualifies for the conference tournament, while baseball loses its series.",
2026-04-22,Wednesday,265,38,6,spring_classes,What Remains,"Calculus II synthesis, polar review, and final-project interpretation",,Last full class week | Softball-baseball home finales | Guest seminar on public mathematics,"Nia keeps the research alive without pretending she has recovered, and both old relationships receive clear closure.",Malik and Nia admit they wanted each other at different times and agree that timing alone is not enough to build trust.,
2026-04-23,Thursday,266,38,7,spring_classes,What Remains,"Calculus II synthesis, polar review, and final-project interpretation",,Last full class week | Softball-baseball home finales | Guest seminar on public mathematics,"Nia keeps the research alive without pretending she has recovered, and both old relationships receive clear closure.",They choose to focus on finals and let summer reveal who they are when neither is waiting in the wings.,Final examinations close the reversed spring arcs but leave the central relationship deliberately unresolved.
2026-04-24,Friday,267,39,1,spring_finals,No Shortcut Through Finals,"Calculus II final examination: integration methods, series, parametric equations, and polar coordinates",Last full spring class week ends,Final examinations | Softball rivalry weekend | Summer program decisions,Malik and Nia finish spring independently and both receive summer opportunities tied to the rejected project.,"The Calculus II final begins with method selection, forcing students to commit before computation offers reassurance.",
2026-04-25,Saturday,268,39,2,spring_finals,No Shortcut Through Finals,"Calculus II final examination: integration methods, series, parametric equations, and polar coordinates",,Final examinations | Softball rivalry weekend | Summer program decisions,Malik and Nia finish spring independently and both receive summer opportunities tied to the rejected project.,Malik catches himself rushing an integration-by-parts problem and restarts the setup even though the clock is moving.,
2026-04-26,Sunday,269,39,3,spring_finals,No Shortcut Through Finals,"Calculus II final examination: integration methods, series, parametric equations, and polar coordinates",,Final examinations | Softball rivalry weekend | Summer program decisions,Malik and Nia finish spring independently and both receive summer opportunities tied to the rejected project.,"Nia identifies a divergent series correctly, then spends too long proving it because she no longer trusts good instinct after the fellowship loss.",
2026-04-27,Monday,270,39,4,spring_finals,No Shortcut Through Finals,"Calculus II final examination: integration methods, series, parametric equations, and polar coordinates",Spring final examinations begin,Final examinations | Softball rivalry weekend | Summer program decisions,Malik and Nia finish spring independently and both receive summer opportunities tied to the rejected project.,"After the exam, Dr. Delgado refuses grade speculation and asks them what work they would still choose without points attached.",
2026-04-28,Tuesday,271,39,5,spring_finals,No Shortcut Through Finals,"Calculus II final examination: integration methods, series, parametric equations, and polar coordinates",,Final examinations | Softball rivalry weekend | Summer program decisions,Malik and Nia finish spring independently and both receive summer opportunities tied to the rejected project.,Imani's walk-off single in the softball rivalry series secures a tournament seed and gives the group one uncomplicated celebration.,
2026-04-29,Wednesday,272,39,6,spring_finals,No Shortcut Through Finals,"Calculus II final examination: integration methods, series, parametric equations, and polar coordinates",,Final examinations | Softball rivalry weekend | Summer program decisions,Malik and Nia finish spring independently and both receive summer opportunities tied to the rejected project.,"Dr. Price invites Nia and Keisha to continue the evacuation model in the summer program, contingent on community validation.",
2026-04-30,Thursday,273,39,7,spring_finals,No Shortcut Through Finals,"Calculus II final examination: integration methods, series, parametric equations, and polar coordinates",,Final examinations | Softball rivalry weekend | Summer program decisions,Malik and Nia finish spring independently and both receive summer opportunities tied to the rejected project.,"Dr. Bennett invites Malik to join the same project as a risk-modeling assistant, and Malik asks for a day before answering.","The summer invitation offers proximity, not romantic resolution."
2026-05-01,Friday,274,40,1,spring_close,The Space Between Semesters,Final grade reflection and Calculus III readiness,Spring final examinations end | Spring classes end,Last day of classes | Commencement | Softball tournament | Residence-hall move-out,"Both students accept the summer program but agree to begin as separate researchers, not an assumed pair.","Spring grades confirm that Malik and Nia passed Calculus II strongly, but neither result changes the relationship choices they made.",
2026-05-02,Saturday,275,40,2,spring_close,The Space Between Semesters,Final grade reflection and Calculus III readiness,Spring commencement,Last day of classes | Commencement | Softball tournament | Residence-hall move-out,"Both students accept the summer program but agree to begin as separate researchers, not an assumed pair.","At commencement, Nia watches student researchers graduate and feels grief for the fellowship without questioning her place in mathematics.",
2026-05-03,Sunday,276,40,3,spring_close,The Space Between Semesters,Final grade reflection and Calculus III readiness,Residence halls close,Last day of classes | Commencement | Softball tournament | Residence-hall move-out,"Both students accept the summer program but agree to begin as separate researchers, not an assumed pair.",Imani's softball team reaches the tournament semifinal and loses after its most successful season in years.,
2026-05-04,Monday,277,40,4,spring_close,The Space Between Semesters,Final grade reflection and Calculus III readiness,,Last day of classes | Commencement | Softball tournament | Residence-hall move-out,"Both students accept the summer program but agree to begin as separate researchers, not an assumed pair.","The team celebrates seniors and names the loss honestly, giving Nia another model for pride without a trophy.",
2026-05-05,Tuesday,278,40,5,spring_close,The Space Between Semesters,Final grade reflection and Calculus III readiness,,Last day of classes | Commencement | Softball tournament | Residence-hall move-out,"Both students accept the summer program but agree to begin as separate researchers, not an assumed pair.",Simone leaves for internship orientation and asks Malik to let their relationship remain meaningful without keeping it half-alive.,
2026-05-06,Wednesday,279,40,6,spring_close,The Space Between Semesters,Final grade reflection and Calculus III readiness,,Last day of classes | Commencement | Softball tournament | Residence-hall move-out,"Both students accept the summer program but agree to begin as separate researchers, not an assumed pair.",Malik accepts the summer risk-modeling role; Nia accepts the project-lead role only after Keisha's co-lead title is confirmed.,
2026-05-07,Thursday,280,40,7,spring_close,The Space Between Semesters,Final grade reflection and Calculus III readiness,,Last day of classes | Commencement | Softball tournament | Residence-hall move-out,"Both students accept the summer program but agree to begin as separate researchers, not an assumed pair.",They leave campus for a short break with one agreement: no private promises before the work begins.,Summer brings them back to Eliza Moss Hall for Calculus III and a project neither can complete alone.
2026-05-08,Friday,281,41,1,summer_start,Vectors and Boundaries,"Calculus III vectors, three-dimensional coordinates, magnitude, and direction",,Summer Quantitative Scholars orientation | First summer class meeting | Baseball road series,Malik and Nia reunite as project colleagues and set explicit boundaries before old ease can decide for them.,Malik returns from Gulfport with photographs of repaired framing but no date for moving the family back into the damaged rooms.,
2026-05-09,Saturday,282,41,2,summer_start,Vectors and Boundaries,"Calculus III vectors, three-dimensional coordinates, magnitude, and direction",,Summer Quantitative Scholars orientation | First summer class meeting | Baseball road series,Malik and Nia reunite as project colleagues and set explicit boundaries before old ease can decide for them.,Nia arrives with the rejected symposium poster rolled under her arm and refuses to hide its fellowship label.,
2026-05-10,Sunday,283,41,3,summer_start,Vectors and Boundaries,"Calculus III vectors, three-dimensional coordinates, magnitude, and direction",,Summer Quantitative Scholars orientation | First summer class meeting | Baseball road series,Malik and Nia reunite as project colleagues and set explicit boundaries before old ease can decide for them.,"At orientation, Dr. Okafor assigns Nia to model lead, Keisha to computation lead, and Malik to risk and validation.",
2026-05-11,Monday,284,41,4,summer_start,Vectors and Boundaries,"Calculus III vectors, three-dimensional coordinates, magnitude, and direction",Summer A and full-summer classes begin,Summer Quantitative Scholars orientation | First summer class meeting | Baseball road series,Malik and Nia reunite as project colleagues and set explicit boundaries before old ease can decide for them.,"The first Calculus III class uses vectors to separate magnitude from direction, exposing how often the students confuse intensity with progress.",
2026-05-12,Tuesday,285,41,5,summer_start,Vectors and Boundaries,"Calculus III vectors, three-dimensional coordinates, magnitude, and direction",,Summer Quantitative Scholars orientation | First summer class meeting | Baseball road series,Malik and Nia reunite as project colleagues and set explicit boundaries before old ease can decide for them.,"Malik and Nia write collaboration rules covering late-night work, private conversations, and disagreement in front of the team.",
2026-05-13,Wednesday,286,41,6,summer_start,Vectors and Boundaries,"Calculus III vectors, three-dimensional coordinates, magnitude, and direction",,Summer Quantitative Scholars orientation | First summer class meeting | Baseball road series,Malik and Nia reunite as project colleagues and set explicit boundaries before old ease can decide for them.,"Baseball's final road series ends outside postseason qualification, and the seniors return to campus without a final home celebration.",
2026-05-14,Thursday,287,41,7,summer_start,Vectors and Boundaries,"Calculus III vectors, three-dimensional coordinates, magnitude, and direction",,Summer Quantitative Scholars orientation | First summer class meeting | Baseball road series,Malik and Nia reunite as project colleagues and set explicit boundaries before old ease can decide for them.,"Malik and Nia solve the first vector assignment efficiently, then leave separately instead of extending the night by habit.",The team's first technical disagreement will test whether written boundaries survive real pressure.
2026-05-15,Friday,288,42,1,summer_a,Lines That Do Not Meet,"Dot products, cross products, lines, planes, and distances in space",,Baseball home finale | Community advisory meeting | First project design review,The team discovers that Malik's risk metric and Nia's access metric optimize different outcomes.,A lines-and-planes exercise shows how two paths can be nonparallel and still never intersect.,
2026-05-16,Saturday,289,42,2,summer_a,Lines That Do Not Meet,"Dot products, cross products, lines, planes, and distances in space",,Baseball home finale | Community advisory meeting | First project design review,The team discovers that Malik's risk metric and Nia's access metric optimize different outcomes.,"Malik proposes minimizing expected travel time, while Nia argues that the model must protect neighborhoods with the fewest route choices.",
2026-05-17,Sunday,290,42,3,summer_a,Lines That Do Not Meet,"Dot products, cross products, lines, planes, and distances in space",,Baseball home finale | Community advisory meeting | First project design review,The team discovers that Malik's risk metric and Nia's access metric optimize different outcomes.,Their first design review becomes personal when Malik says Nia is preserving the rejected proposal instead of testing it.,
2026-05-18,Monday,291,42,4,summer_a,Lines That Do Not Meet,"Dot products, cross products, lines, planes, and distances in space",,Baseball home finale | Community advisory meeting | First project design review,The team discovers that Malik's risk metric and Nia's access metric optimize different outcomes.,Nia counters that Malik is optimizing away the people whose data are hardest to price.,
2026-05-19,Tuesday,292,42,5,summer_a,Lines That Do Not Meet,"Dot products, cross products, lines, planes, and distances in space",,Baseball home finale | Community advisory meeting | First project design review,The team discovers that Malik's risk metric and Nia's access metric optimize different outcomes.,Keisha stops the argument and requires each of them to write the other's objective function accurately before responding.,
2026-05-20,Wednesday,293,42,6,summer_a,Lines That Do Not Meet,"Dot products, cross products, lines, planes, and distances in space",,Baseball home finale | Community advisory meeting | First project design review,The team discovers that Malik's risk metric and Nia's access metric optimize different outcomes.,"At the baseball home finale, the group honors a losing season's seniors and sees how value can outlast the standings.",
2026-05-21,Thursday,294,42,7,summer_a,Lines That Do Not Meet,"Dot products, cross products, lines, planes, and distances in space",,Baseball home finale | Community advisory meeting | First project design review,The team discovers that Malik's risk metric and Nia's access metric optimize different outcomes.,Malik and Nia return with a two-metric model that makes the tradeoff visible rather than pretending it disappeared.,Community interviews will show whether either metric describes how residents actually move.
2026-05-22,Friday,295,43,1,summer_a,Motion in the Real World,"Vector-valued functions, velocity, acceleration, curvature, and motion in space",,Memorial Day | Bellwether neighborhood interviews | Summer research methods workshop,"The project shifts from abstract routes to household decisions, and Malik begins speaking openly about his family's storm loss.","Residents describe changing routes as water, traffic, and information shift, invalidating the team's fixed-path assumption.",
2026-05-23,Saturday,296,43,2,summer_a,Motion in the Real World,"Vector-valued functions, velocity, acceleration, curvature, and motion in space",,Memorial Day | Bellwether neighborhood interviews | Summer research methods workshop,"The project shifts from abstract routes to household decisions, and Malik begins speaking openly about his family's storm loss.",Nia recognizes vector-valued motion in the interviews and redesigns the model around updates over time.,
2026-05-24,Sunday,297,43,3,summer_a,Motion in the Real World,"Vector-valued functions, velocity, acceleration, curvature, and motion in space",,Memorial Day | Bellwether neighborhood interviews | Summer research methods workshop,"The project shifts from abstract routes to household decisions, and Malik begins speaking openly about his family's storm loss.","Malik tells the advisory group that his family's flooded home is why he distrusts clean averages, surprising Nia with the public honesty.",
2026-05-25,Monday,298,43,4,summer_a,Motion in the Real World,"Vector-valued functions, velocity, acceleration, curvature, and motion in space",Memorial Day - university closed,Memorial Day | Bellwether neighborhood interviews | Summer research methods workshop,"The project shifts from abstract routes to household decisions, and Malik begins speaking openly about his family's storm loss.","On Memorial Day, the students pause data collection and join a community remembrance event rather than treating the holiday as spare work time.",
2026-05-26,Tuesday,299,43,5,summer_a,Motion in the Real World,"Vector-valued functions, velocity, acceleration, curvature, and motion in space",,Memorial Day | Bellwether neighborhood interviews | Summer research methods workshop,"The project shifts from abstract routes to household decisions, and Malik begins speaking openly about his family's storm loss.",Keisha builds a motion simulation that exposes unrealistic acceleration whenever the model reroutes too many cars at once.,
2026-05-27,Wednesday,300,43,6,summer_a,Motion in the Real World,"Vector-valued functions, velocity, acceleration, curvature, and motion in space",,Memorial Day | Bellwether neighborhood interviews | Summer research methods workshop,"The project shifts from abstract routes to household decisions, and Malik begins speaking openly about his family's storm loss.","Julian records audio only after every participant chooses how their words may be used, applying the lesson from his spring role.",
2026-05-28,Thursday,301,43,7,summer_a,Motion in the Real World,"Vector-valued functions, velocity, acceleration, curvature, and motion in space",,Memorial Day | Bellwether neighborhood interviews | Summer research methods workshop,"The project shifts from abstract routes to household decisions, and Malik begins speaking openly about his family's storm loss.","Nia thanks Malik for naming the personal stake; he says trust now means telling the team, not only telling her.",Delta National Laboratory will test the revised model against a much larger simulation.
2026-05-29,Friday,302,44,1,summer_a,The Gradient Trip,"Functions of several variables, partial derivatives, gradients, and directional derivatives",,Three-day Delta National Laboratory visit | Supercomputing tour | Scientist progress presentation,The national-lab visit gives the extracurricular arc real substance and brings Malik and Nia into their first fully honest private conversation.,"Dr. Okafor introduces partial derivatives by changing one risk factor while holding the others fixed, then asks when that assumption is impossible.",
2026-05-30,Saturday,303,44,2,summer_a,The Gradient Trip,"Functions of several variables, partial derivatives, gradients, and directional derivatives",,Three-day Delta National Laboratory visit | Supercomputing tour | Scientist progress presentation,The national-lab visit gives the extracurricular arc real substance and brings Malik and Nia into their first fully honest private conversation.,"The team travels to Delta National Laboratory and completes security, ethics, and data-governance orientation before seeing the computers.",
2026-05-31,Sunday,304,44,3,summer_a,The Gradient Trip,"Functions of several variables, partial derivatives, gradients, and directional derivatives",,Three-day Delta National Laboratory visit | Supercomputing tour | Scientist progress presentation,The national-lab visit gives the extracurricular arc real substance and brings Malik and Nia into their first fully honest private conversation.,A scientist maps the gradient of storm-surge height and shows why fastest increase is not always the safest escape direction.,
2026-06-01,Monday,305,44,4,summer_a,The Gradient Trip,"Functions of several variables, partial derivatives, gradients, and directional derivatives",,Three-day Delta National Laboratory visit | Supercomputing tour | Scientist progress presentation,The national-lab visit gives the extracurricular arc real substance and brings Malik and Nia into their first fully honest private conversation.,"Keisha ports a small version of the model to the lab system, where its run time fails under the larger road network.",
2026-06-02,Tuesday,306,44,5,summer_a,The Gradient Trip,"Functions of several variables, partial derivatives, gradients, and directional derivatives",,Three-day Delta National Laboratory visit | Supercomputing tour | Scientist progress presentation,The national-lab visit gives the extracurricular arc real substance and brings Malik and Nia into their first fully honest private conversation.,Malik presents the risk assumptions to scientists who challenge the insurance data's bias toward documented property loss.,
2026-06-03,Wednesday,307,44,6,summer_a,The Gradient Trip,"Functions of several variables, partial derivatives, gradients, and directional derivatives",,Three-day Delta National Laboratory visit | Supercomputing tour | Scientist progress presentation,The national-lab visit gives the extracurricular arc real substance and brings Malik and Nia into their first fully honest private conversation.,Nia presents the access metric and admits the model cannot yet represent people without private vehicles.,
2026-06-04,Thursday,308,44,7,summer_a,The Gradient Trip,"Functions of several variables, partial derivatives, gradients, and directional derivatives",,Three-day Delta National Laboratory visit | Supercomputing tour | Scientist progress presentation,The national-lab visit gives the extracurricular arc real substance and brings Malik and Nia into their first fully honest private conversation.,"On the hotel terrace, Malik and Nia discuss Julian, Simone, jealousy, and missed timing without asking for a romantic decision.","They return closer, but the model and Malik's family repairs both demand decisions before intimacy."
2026-06-05,Friday,309,45,1,summer_a,Tangent to Home,"Tangent planes, linear approximation, multivariable chain rules, and local error",,Baptiste home repair weekend | Project approximation benchmark | Summer speaker series,"Nia enters Malik's family world during the final repair push, and local approximation becomes a practical project compromise.","The lab benchmark shows the full model is too slow for emergency use, forcing the team to consider a faster local approximation.",
2026-06-06,Saturday,310,45,2,summer_a,Tangent to Home,"Tangent planes, linear approximation, multivariable chain rules, and local error",,Baptiste home repair weekend | Project approximation benchmark | Summer speaker series,"Nia enters Malik's family world during the final repair push, and local approximation becomes a practical project compromise.",Malik resists approximation because the fall analytics loss taught him to fear a judge finding any simplification.,
2026-06-07,Sunday,311,45,3,summer_a,Tangent to Home,"Tangent planes, linear approximation, multivariable chain rules, and local error",,Baptiste home repair weekend | Project approximation benchmark | Summer speaker series,"Nia enters Malik's family world during the final repair push, and local approximation becomes a practical project compromise.",Dr. Okafor asks whether a slower exact answer delivered after evacuation begins is more responsible than a bounded approximation delivered in time.,
2026-06-08,Monday,312,45,4,summer_a,Tangent to Home,"Tangent planes, linear approximation, multivariable chain rules, and local error",,Baptiste home repair weekend | Project approximation benchmark | Summer speaker series,"Nia enters Malik's family world during the final repair push, and local approximation becomes a practical project compromise.",Malik's mother announces that the family can move back into the repaired rooms if enough furniture is returned over the weekend.,
2026-06-09,Tuesday,313,45,5,summer_a,Tangent to Home,"Tangent planes, linear approximation, multivariable chain rules, and local error",,Baptiste home repair weekend | Project approximation benchmark | Summer speaker series,"Nia enters Malik's family world during the final repair push, and local approximation becomes a practical project compromise.","Nia, Keisha, DJ, and Imani travel to Gulfport to help, meeting Malik's family without framing the visit as charity.",
2026-06-10,Wednesday,314,45,6,summer_a,Tangent to Home,"Tangent planes, linear approximation, multivariable chain rules, and local error",,Baptiste home repair weekend | Project approximation benchmark | Summer speaker series,"Nia enters Malik's family world during the final repair push, and local approximation becomes a practical project compromise.",Nia sees the waterline still marked inside a closet and understands why Malik treats uncertainty as a threat to people he loves.,
2026-06-11,Thursday,315,45,7,summer_a,Tangent to Home,"Tangent planes, linear approximation, multivariable chain rules, and local error",,Baptiste home repair weekend | Project approximation benchmark | Summer speaker series,"Nia enters Malik's family world during the final repair push, and local approximation becomes a practical project compromise.","The team chooses a local approximation with published error bounds, and Malik chooses to name his fear rather than disguise it as rigor.",An optimization exam and a nearly private moment force Malik and Nia to decide whether closeness is outrunning clarity.
2026-06-12,Friday,316,46,1,summer_a,The Constraint Is Real,"Multivariable extrema, Lagrange multipliers, and constrained optimization",,Summer A examination | Research poster draft | Community validation round,Malik and Nia acknowledge mutual attraction but refuse to begin a relationship in the middle of unresolved project pressure.,"A Lagrange-multiplier problem makes the class optimize safety under limited buses, road capacity, time, and staffing.",
2026-06-13,Saturday,317,46,2,summer_a,The Constraint Is Real,"Multivariable extrema, Lagrange multipliers, and constrained optimization",,Summer A examination | Research poster draft | Community validation round,Malik and Nia acknowledge mutual attraction but refuse to begin a relationship in the middle of unresolved project pressure.,The community advisory group rejects a route that is mathematically efficient but crosses a chronically flooded underpass.,
2026-06-14,Sunday,318,46,3,summer_a,The Constraint Is Real,"Multivariable extrema, Lagrange multipliers, and constrained optimization",,Summer A examination | Research poster draft | Community validation round,Malik and Nia acknowledge mutual attraction but refuse to begin a relationship in the middle of unresolved project pressure.,Nia accepts the correction without defending how much work produced the route.,
2026-06-15,Monday,319,46,4,summer_a,The Constraint Is Real,"Multivariable extrema, Lagrange multipliers, and constrained optimization",,Summer A examination | Research poster draft | Community validation round,Malik and Nia acknowledge mutual attraction but refuse to begin a relationship in the middle of unresolved project pressure.,"During poster preparation, Malik and Nia reach for the same marker, laugh, and almost kiss in an empty lab.",
2026-06-16,Tuesday,320,46,5,summer_a,The Constraint Is Real,"Multivariable extrema, Lagrange multipliers, and constrained optimization",,Summer A examination | Research poster draft | Community validation round,Malik and Nia acknowledge mutual attraction but refuse to begin a relationship in the middle of unresolved project pressure.,Malik stops and says he wants their first decision to happen outside the fluorescent light of a deadline.,
2026-06-17,Wednesday,321,46,6,summer_a,The Constraint Is Real,"Multivariable extrema, Lagrange multipliers, and constrained optimization",,Summer A examination | Research poster draft | Community validation round,Malik and Nia acknowledge mutual attraction but refuse to begin a relationship in the middle of unresolved project pressure.,Nia admits she wants him too but will not treat wanting as sufficient evidence that they are ready.,
2026-06-18,Thursday,322,46,7,summer_a,The Constraint Is Real,"Multivariable extrema, Lagrange multipliers, and constrained optimization",,Summer A examination | Research poster draft | Community validation round,Malik and Nia acknowledge mutual attraction but refuse to begin a relationship in the middle of unresolved project pressure.,"They complete the Summer A exam and schedule one actual date after Summer B begins, with no project materials allowed.",Juneteenth and the summer break let the rejected spring work serve people before it earns any new academic recognition.
2026-06-19,Friday,323,47,1,summer_break,Freedom Is a Practice,Summer A synthesis and translating mathematical work for public use,Juneteenth - university closed | Summer A ends,Juneteenth | Bellwether community festival | Summer A grades,Nia's failed fellowship project becomes a useful public workshop without being converted into an award.,"On Juneteenth, the team runs a community table where families compare evacuation choices using a floor-size map.",
2026-06-20,Saturday,324,47,2,summer_break,Freedom Is a Practice,Summer A synthesis and translating mathematical work for public use,,Juneteenth | Bellwether community festival | Summer A grades,Nia's failed fellowship project becomes a useful public workshop without being converted into an award.,"Children move route markers in ways the model never predicted, exposing assumptions while making the mathematics approachable.",
2026-06-21,Sunday,325,47,3,summer_break,Freedom Is a Practice,Summer A synthesis and translating mathematical work for public use,,Juneteenth | Bellwether community festival | Summer A grades,Nia's failed fellowship project becomes a useful public workshop without being converted into an award.,"Nia credits Keisha, Julian, Malik, and neighborhood advisors by role instead of presenting the project as her personal comeback.",
2026-06-22,Monday,326,47,4,summer_break,Freedom Is a Practice,Summer A synthesis and translating mathematical work for public use,,Juneteenth | Bellwether community festival | Summer A grades,Nia's failed fellowship project becomes a useful public workshop without being converted into an award.,Malik's father attends and tells him that modeling risk cannot prevent every loss but can help families act sooner.,
2026-06-23,Tuesday,327,47,5,summer_break,Freedom Is a Practice,Summer A synthesis and translating mathematical work for public use,,Juneteenth | Bellwether community festival | Summer A grades,Nia's failed fellowship project becomes a useful public workshop without being converted into an award.,"Summer A grades arrive; both students pass strongly, and the result receives one dinner rather than a week of identity claims.",
2026-06-24,Wednesday,328,47,6,summer_break,Freedom Is a Practice,Summer A synthesis and translating mathematical work for public use,,Juneteenth | Bellwether community festival | Summer A grades,Nia's failed fellowship project becomes a useful public workshop without being converted into an award.,Julian sends Nia the finished community-audio piece and says their collaboration helped him understand why the breakup was right.,
2026-06-25,Thursday,329,47,7,summer_break,Freedom Is a Practice,Summer A synthesis and translating mathematical work for public use,,Juneteenth | Bellwether community festival | Summer A grades,Nia's failed fellowship project becomes a useful public workshop without being converted into an award.,"Nia and Malik spend the final break day apart on purpose so their scheduled date can begin as a choice, not momentum.","Summer B opens with double integrals, a first date, and the first serious field test of the model."
2026-06-26,Friday,330,48,1,summer_b,"The First Date, Again","Double integrals, iterated integration, planar regions, and polar conversion",,Summer B begins | Malik and Nia's first date | Campus emergency-tabletop exercise,"Malik and Nia finally go on a date, but delay labels until they discuss what a relationship would require.",Summer B begins with a double integral over an irregular floodplain rather than a rectangular textbook region.,
2026-06-27,Saturday,331,48,2,summer_b,"The First Date, Again","Double integrals, iterated integration, planar regions, and polar conversion",,Summer B begins | Malik and Nia's first date | Campus emergency-tabletop exercise,"Malik and Nia finally go on a date, but delay labels until they discuss what a relationship would require.","The team divides the region into workable pieces, accepting that different descriptions can represent the same area.",
2026-06-28,Sunday,332,48,3,summer_b,"The First Date, Again","Double integrals, iterated integration, planar regions, and polar conversion",,Summer B begins | Malik and Nia's first date | Campus emergency-tabletop exercise,"Malik and Nia finally go on a date, but delay labels until they discuss what a relationship would require.","Malik and Nia meet at a small Bellwether bookstore for a date with no laptops, project talk, or friends as witnesses.",
2026-06-29,Monday,333,48,4,summer_b,"The First Date, Again","Double integrals, iterated integration, planar regions, and polar conversion",Summer B begins,Summer B begins | Malik and Nia's first date | Campus emergency-tabletop exercise,"Malik and Nia finally go on a date, but delay labels until they discuss what a relationship would require.",They discuss what they admired and misunderstood during each other's fall and spring relationships.,
2026-06-30,Tuesday,334,48,5,summer_b,"The First Date, Again","Double integrals, iterated integration, planar regions, and polar conversion",,Summer B begins | Malik and Nia's first date | Campus emergency-tabletop exercise,"Malik and Nia finally go on a date, but delay labels until they discuss what a relationship would require.",Nia states that she will not become Malik's proof that the spring breakup had a purpose; Malik agrees.,
2026-07-01,Wednesday,335,48,6,summer_b,"The First Date, Again","Double integrals, iterated integration, planar regions, and polar conversion",,Summer B begins | Malik and Nia's first date | Campus emergency-tabletop exercise,"Malik and Nia finally go on a date, but delay labels until they discuss what a relationship would require.",A campus emergency-tabletop exercise exposes a bottleneck near Ruth Ellis Fieldhouse that their model missed.,
2026-07-02,Thursday,336,48,7,summer_b,"The First Date, Again","Double integrals, iterated integration, planar regions, and polar conversion",,Summer B begins | Malik and Nia's first date | Campus emergency-tabletop exercise,"Malik and Nia finally go on a date, but delay labels until they discuss what a relationship would require.","They end the week with a second date planned and an agreement that honesty, not exclusivity, is the immediate commitment.",A family holiday and three-dimensional integration will ask whether the relationship can enter ordinary life.
2026-07-03,Friday,337,49,1,summer_b,A Place at the Table,"Triple integrals, cylindrical coordinates, spherical coordinates, mass, and density",,Independence Day | Baptiste family cookout | Project field-sensor test,"Malik and Nia choose an exclusive relationship after their connection survives family, disagreement, and unglamorous work.",Triple integrals force the class to describe a three-dimensional region before calculating anything inside it.,
2026-07-04,Saturday,338,49,2,summer_b,A Place at the Table,"Triple integrals, cylindrical coordinates, spherical coordinates, mass, and density",Independence Day - university closed,Independence Day | Baptiste family cookout | Project field-sensor test,"Malik and Nia choose an exclusive relationship after their connection survives family, disagreement, and unglamorous work.",Nia joins the Baptiste family cookout and helps Malik's younger cousin build a density experiment with fruit and a kitchen scale.,
2026-07-05,Sunday,339,49,3,summer_b,A Place at the Table,"Triple integrals, cylindrical coordinates, spherical coordinates, mass, and density",,Independence Day | Baptiste family cookout | Project field-sensor test,"Malik and Nia choose an exclusive relationship after their connection survives family, disagreement, and unglamorous work.",Malik's mother thanks Nia for the repair weekend but makes clear that Malik's healing cannot become Nia's assignment.,
2026-07-06,Monday,340,49,4,summer_b,A Place at the Table,"Triple integrals, cylindrical coordinates, spherical coordinates, mass, and density",,Independence Day | Baptiste family cookout | Project field-sensor test,"Malik and Nia choose an exclusive relationship after their connection survives family, disagreement, and unglamorous work.","A field sensor fails during the project test, and Malik and Nia disagree sharply about whether to interpolate or discard the run.",
2026-07-07,Tuesday,341,49,5,summer_b,A Place at the Table,"Triple integrals, cylindrical coordinates, spherical coordinates, mass, and density",,Independence Day | Baptiste family cookout | Project field-sensor test,"Malik and Nia choose an exclusive relationship after their connection survives family, disagreement, and unglamorous work.","They bring the dispute to Keisha, accept her decision to preserve the failed run, and return to the date without carrying punishment.",
2026-07-08,Wednesday,342,49,6,summer_b,A Place at the Table,"Triple integrals, cylindrical coordinates, spherical coordinates, mass, and density",,Independence Day | Baptiste family cookout | Project field-sensor test,"Malik and Nia choose an exclusive relationship after their connection survives family, disagreement, and unglamorous work.","Malik asks Nia to be his partner in language that names affection, uncertainty, and choice rather than fate.",
2026-07-09,Thursday,343,49,7,summer_b,A Place at the Table,"Triple integrals, cylindrical coordinates, spherical coordinates, mass, and density",,Independence Day | Baptiste family cookout | Project field-sensor test,"Malik and Nia choose an exclusive relationship after their connection survives family, disagreement, and unglamorous work.","Nia says yes, then tells him they still have to learn how to be together when no crisis is making them important to each other.",The new relationship faces an emergency drill where the project must perform under time pressure.
2026-07-10,Friday,344,50,1,summer_b,A Field With Consequences,"Vector fields, conservative fields, potential functions, and line integrals",,Bellwether emergency drill | National-lab remote review | Preseason athletics analytics workshop,"The model contributes to a real preparedness exercise, and Malik avoids turning renewed analytics interest into a promise of redemption.",Dr. Okafor uses wind and water vector fields to distinguish what acts everywhere from what a traveler experiences along one path.,
2026-07-11,Saturday,345,50,2,summer_b,A Field With Consequences,"Vector fields, conservative fields, potential functions, and line integrals",,Bellwether emergency drill | National-lab remote review | Preseason athletics analytics workshop,"The model contributes to a real preparedness exercise, and Malik avoids turning renewed analytics interest into a promise of redemption.","During Bellwether's emergency drill, the team's dashboard recommends opening a secondary shelter before the main route reaches capacity.",
2026-07-12,Sunday,346,50,3,summer_b,A Field With Consequences,"Vector fields, conservative fields, potential functions, and line integrals",,Bellwether emergency drill | National-lab remote review | Preseason athletics analytics workshop,"The model contributes to a real preparedness exercise, and Malik avoids turning renewed analytics interest into a promise of redemption.","A delayed data feed makes the recommendation arrive late, and the team logs the failure instead of editing the demonstration afterward.",
2026-07-13,Monday,347,50,4,summer_b,A Field With Consequences,"Vector fields, conservative fields, potential functions, and line integrals",,Bellwether emergency drill | National-lab remote review | Preseason athletics analytics workshop,"The model contributes to a real preparedness exercise, and Malik avoids turning renewed analytics interest into a promise of redemption.",City staff still adopt the two-metric display for future exercises because it makes tradeoffs understandable.,
2026-07-14,Tuesday,348,50,5,summer_b,A Field With Consequences,"Vector fields, conservative fields, potential functions, and line integrals",,Bellwether emergency drill | National-lab remote review | Preseason athletics analytics workshop,"The model contributes to a real preparedness exercise, and Malik avoids turning renewed analytics interest into a promise of redemption.",Dr. Bennett invites Malik to speak at a preseason athletics analytics workshop about the fall model's failure.,
2026-07-15,Wednesday,349,50,6,summer_b,A Field With Consequences,"Vector fields, conservative fields, potential functions, and line integrals",,Bellwether emergency drill | National-lab remote review | Preseason athletics analytics workshop,"The model contributes to a real preparedness exercise, and Malik avoids turning renewed analytics interest into a promise of redemption.",Malik presents overfitting and transferability errors without turning the talk into a comeback announcement.,
2026-07-16,Thursday,350,50,7,summer_b,A Field With Consequences,"Vector fields, conservative fields, potential functions, and line integrals",,Bellwether emergency drill | National-lab remote review | Preseason athletics analytics workshop,"The model contributes to a real preparedness exercise, and Malik avoids turning renewed analytics interest into a promise of redemption.","Nia attends as his partner but asks no questions from the audience, allowing his work to stand outside their relationship.",The Summer Scholars preliminary review will decide whether the project is ready for a public showcase.
2026-07-17,Friday,351,51,1,summer_b,Around the Boundary,"Green's Theorem, circulation, flux, and boundary orientation",,Summer Scholars preliminary review | Community advisory vote | Keisha's student-developer presentation,The project earns a showcase slot only after leadership is distributed visibly across the team.,Green's Theorem gives the class two ways to describe behavior inside a region and around its boundary.,
2026-07-18,Saturday,352,51,2,summer_b,Around the Boundary,"Green's Theorem, circulation, flux, and boundary orientation",,Summer Scholars preliminary review | Community advisory vote | Keisha's student-developer presentation,The project earns a showcase slot only after leadership is distributed visibly across the team.,"Nia structures the preliminary review so Keisha demonstrates code, Malik explains risk, and residents respond before Nia concludes.",
2026-07-19,Sunday,353,51,3,summer_b,Around the Boundary,"Green's Theorem, circulation, flux, and boundary orientation",,Summer Scholars preliminary review | Community advisory vote | Keisha's student-developer presentation,The project earns a showcase slot only after leadership is distributed visibly across the team.,"A reviewer asks whether the model can be maintained after the students leave, exposing a sustainability gap.",
2026-07-20,Monday,354,51,4,summer_b,Around the Boundary,"Green's Theorem, circulation, flux, and boundary orientation",,Summer Scholars preliminary review | Community advisory vote | Keisha's student-developer presentation,The project earns a showcase slot only after leadership is distributed visibly across the team.,Keisha proposes an open documentation plan and presents it at the student-developer forum under her own name.,
2026-07-21,Tuesday,355,51,5,summer_b,Around the Boundary,"Green's Theorem, circulation, flux, and boundary orientation",,Summer Scholars preliminary review | Community advisory vote | Keisha's student-developer presentation,The project earns a showcase slot only after leadership is distributed visibly across the team.,"The community advisory group votes to support a limited pilot, with conditions about privacy and public reporting.",
2026-07-22,Wednesday,356,51,6,summer_b,Around the Boundary,"Green's Theorem, circulation, flux, and boundary orientation",,Summer Scholars preliminary review | Community advisory vote | Keisha's student-developer presentation,The project earns a showcase slot only after leadership is distributed visibly across the team.,The Summer Scholars committee grants a showcase slot but requests a live failure scenario rather than a polished replay.,
2026-07-23,Thursday,357,51,7,summer_b,Around the Boundary,"Green's Theorem, circulation, flux, and boundary orientation",,Summer Scholars preliminary review | Community advisory vote | Keisha's student-developer presentation,The project earns a showcase slot only after leadership is distributed visibly across the team.,"Malik and Nia celebrate with friends, then keep their planned private dinner instead of letting the project consume the relationship.",The final theorem unit and live failure test will determine what they can responsibly claim.
2026-07-24,Friday,358,52,1,summer_b,What Crosses the Surface,"Parametric surfaces, surface integrals, Stokes' Theorem, and the Divergence Theorem",,Calculus III final project | Live model failure test | Second-year registration,"The model fails safely in public, and the students define success as transparent limits plus useful decisions.","Surface integrals let the class quantify flow across a boundary, giving the project a better shelter-capacity measure.",
2026-07-25,Saturday,359,52,2,summer_b,What Crosses the Surface,"Parametric surfaces, surface integrals, Stokes' Theorem, and the Divergence Theorem",,Calculus III final project | Live model failure test | Second-year registration,"The model fails safely in public, and the students define success as transparent limits plus useful decisions.","During the live failure test, Keisha cuts one data source and the model initially recommends an impossible road.",
2026-07-26,Sunday,360,52,3,summer_b,What Crosses the Surface,"Parametric surfaces, surface integrals, Stokes' Theorem, and the Divergence Theorem",,Calculus III final project | Live model failure test | Second-year registration,"The model fails safely in public, and the students define success as transparent limits plus useful decisions.",The validation layer Malik built flags the recommendation before it reaches the public display.,
2026-07-27,Monday,361,52,4,summer_b,What Crosses the Surface,"Parametric surfaces, surface integrals, Stokes' Theorem, and the Divergence Theorem",,Calculus III final project | Live model failure test | Second-year registration,"The model fails safely in public, and the students define success as transparent limits plus useful decisions.",Nia explains the failure and fallback process to reviewers without calling the safeguard proof that the system cannot fail.,
2026-07-28,Tuesday,362,52,5,summer_b,What Crosses the Surface,"Parametric surfaces, surface integrals, Stokes' Theorem, and the Divergence Theorem",,Calculus III final project | Live model failure test | Second-year registration,"The model fails safely in public, and the students define success as transparent limits plus useful decisions.",The team passes the Calculus III project review and receives permission to present the pilot at the showcase.,
2026-07-29,Wednesday,363,52,6,summer_b,What Crosses the Surface,"Parametric surfaces, surface integrals, Stokes' Theorem, and the Divergence Theorem",,Calculus III final project | Live model failure test | Second-year registration,"The model fails safely in public, and the students define success as transparent limits plus useful decisions.",Second-year registration creates the first real scheduling disagreement in Malik and Nia's relationship because their required courses barely overlap.,
2026-07-30,Thursday,364,52,7,summer_b,What Crosses the Surface,"Parametric surfaces, surface integrals, Stokes' Theorem, and the Divergence Theorem",,Calculus III final project | Live model failure test | Second-year registration,"The model fails safely in public, and the students define success as transparent limits plus useful decisions.","They choose schedules that serve their majors and reserve shared time afterward, refusing to make proximity the measure of commitment.",Final exams and the showcase will close the academic year while opening next year's choices.
2026-07-31,Friday,365,53,1,summer_finals,The Work Leaves Their Hands,Calculus III final examination and integrated vector-calculus interpretation,Summer final examinations begin,Final examinations | Summer Scholars Showcase | Project handoff to Bellwether partners,"The project becomes a community-owned pilot, and both students receive next-step invitations without guaranteed success.","The Calculus III final asks students to connect a vector field, boundary theorem, coordinate system, and physical interpretation.",
2026-08-01,Saturday,366,53,2,summer_finals,The Work Leaves Their Hands,Calculus III final examination and integrated vector-calculus interpretation,Summer classes end,Final examinations | Summer Scholars Showcase | Project handoff to Bellwether partners,"The project becomes a community-owned pilot, and both students receive next-step invitations without guaranteed success.","Nia finishes with time to check orientation signs, a detail she once would have sacrificed to explain more ideas.",
2026-08-02,Sunday,367,53,3,summer_finals,The Work Leaves Their Hands,Calculus III final examination and integrated vector-calculus interpretation,,Final examinations | Summer Scholars Showcase | Project handoff to Bellwether partners,"The project becomes a community-owned pilot, and both students receive next-step invitations without guaranteed success.",Malik catches an unjustified assumption and corrects it even though the revised answer is less elegant.,
2026-08-03,Monday,368,53,4,summer_finals,The Work Leaves Their Hands,Calculus III final examination and integrated vector-calculus interpretation,,Final examinations | Summer Scholars Showcase | Project handoff to Bellwether partners,"The project becomes a community-owned pilot, and both students receive next-step invitations without guaranteed success.","At the Summer Scholars Showcase, residents describe how the dashboard changed their questions instead of endorsing it as a finished solution.",
2026-08-04,Tuesday,369,53,5,summer_finals,The Work Leaves Their Hands,Calculus III final examination and integrated vector-calculus interpretation,,Final examinations | Summer Scholars Showcase | Project handoff to Bellwether partners,"The project becomes a community-owned pilot, and both students receive next-step invitations without guaranteed success.",The team hands documentation and a limited pilot license to the Bellwether emergency office and community advisory group.,
2026-08-05,Wednesday,370,53,6,summer_finals,The Work Leaves Their Hands,Calculus III final examination and integrated vector-calculus interpretation,,Final examinations | Summer Scholars Showcase | Project handoff to Bellwether partners,"The project becomes a community-owned pilot, and both students receive next-step invitations without guaranteed success.",Nia is invited to present the community-validation method next year; the invitation does not replace the fellowship she lost.,
2026-08-06,Thursday,371,53,7,summer_finals,The Work Leaves Their Hands,Calculus III final examination and integrated vector-calculus interpretation,,Final examinations | Summer Scholars Showcase | Project handoff to Bellwether partners,"The project becomes a community-owned pilot, and both students receive next-step invitations without guaranteed success.","Malik is invited to reapply for the Heron Analytics team as a peer mentor, and he accepts the application rather than assuming the role.",A three-day epilogue at Founders' Bell turns accomplishment toward the unfinished second year.
2026-08-07,Friday,372,54,1,summer_epilogue,The Bell Before Year Two,"Reflection, handoff, and second-year intentions",Summer grades released,Summer grades released | Founders' Bell gathering | Second-year preview,"Family, academic, athletic, and romantic arcs reach honest resolution without pretending the future is solved.","Summer grades arrive, and Malik and Nia share the news with their families before sharing it publicly.",
2026-08-08,Saturday,373,54,2,summer_epilogue,The Bell Before Year Two,"Reflection, handoff, and second-year intentions",,Summer grades released | Founders' Bell gathering | Second-year preview,"Family, academic, athletic, and romantic arcs reach honest resolution without pretending the future is solved.","At Founders' Bell, DJ, Keisha, Imani, Julian, Simone by video, and the faculty mark what changed without ranking whose year mattered most.",
2026-08-09,Sunday,374,54,3,summer_epilogue,The Bell Before Year Two,"Reflection, handoff, and second-year intentions",Season one story window ends,Summer grades released | Founders' Bell gathering | Second-year preview,"Family, academic, athletic, and romantic arcs reach honest resolution without pretending the future is solved.","Malik and Nia walk Cypress Walk as a couple, compare second-year schedules, and look forward to a future they will choose rather than predict.",Season one ends with the Founders' Bell ringing for the next class of students.
